Ticker,Company Name,Exchange,Sector,Industry,Price,Market Cap ($M),Volume
AADX,"Applied Aerospace & Defense, Inc.",NYSE,Industrials,Aerospace & Defense,23.06,3948,815814
AAOI,"Applied Optoelectronics, Inc.",NASDAQ,Technology,Semiconductors,120.95,9705,16036578
AAON,"AAON, Inc.",NASDAQ,Industrials,Construction,107.62,8815,1422711
AAP,"Advance Auto Parts, Inc.",NYSE,Consumer Cyclical,Specialty Retail,61.53,3679,985289
ABSI,Absci Corporation,NASDAQ,Healthcare,Biotechnology,11.62,1968,5278702
ABX,"Abacus Global Management, Inc.",NYSE,Financial Services,Insurance - Life,11.86,1138,578729
ACAD,ACADIA Pharmaceuticals Inc.,NASDAQ,Healthcare,Biotechnology,25.97,4447,1586395
ACHC,"Acadia Healthcare Company, Inc.",NASDAQ,Healthcare,Medical - Care Facilities,31.91,2935,4463407
ACI,"Albertsons Companies, Inc.",NYSE,Consumer Defensive,Grocery Stores,14.13,6921,5097916
ACIW,"ACI Worldwide, Inc.",NASDAQ,Technology,Software - Infrastructure,54.88,5579,1231087
ACM,Aecom,NYSE,Industrials,Engineering & Construction,67.74,8706,1299360
ACMR,"ACM Research, Inc.",NASDAQ,Technology,Semiconductors,97.77,6269,2944320
AD,Array Digital Infrastructure Inc,NYSE,Communication Services,Telecommunications Services,36.24,3125,540053
ADC,Agree Realty Corporation,NYSE,Real Estate,REIT - Retail,77.81,9345,741810
ADEA,Adeia Inc.,NASDAQ,Technology,Software - Application,29.19,3219,2334158
ADNT,Adient plc,NYSE,Consumer Cyclical,Auto - Parts,18.76,1471,937793
ADPT,Adaptive Biotechnologies Corporation,NASDAQ,Healthcare,Biotechnology,21.19,3391,3393935
ADTN,ADTRAN Holdings Inc.,NASDAQ,Technology,Communication Equipment,12.71,1029,1770919
ADUR,Aduro Clean Technologies Inc.,NASDAQ,Industrials,Industrial - Pollution & Treatment Controls,15.68,531,978916
AEHR,Aehr Test Systems,NASDAQ,Technology,Semiconductors,69.96,2200,3480299
AEO,"American Eagle Outfitters, Inc.",NYSE,Consumer Cyclical,Apparel - Retail,16.45,2758,6089808
AESI,Atlas Energy Solutions Inc.,NYSE,Energy,Oil & Gas Equipment & Services,14.47,1807,4831859
AEVA,"Aeva Technologies, Inc.",NASDAQ,Consumer Cyclical,Auto - Parts,23.98,1619,2667141
AG,First Majestic Silver Corp.,NYSE,Basic Materials,Silver,17.82,8799,12402259
AGIO,"Agios Pharmaceuticals, Inc.",NASDAQ,Healthcare,Biotechnology,37.58,2224,791174
AHCO,AdaptHealth Corp.,NASDAQ,Healthcare,Medical - Devices,10.76,1464,729682
AIP,"Arteris, Inc.",NASDAQ,Technology,Semiconductors,35.06,1619,1759353
AKTS,"Aktis Oncology, Inc.",NASDAQ,Healthcare,Biotechnology,31.76,1696,723701
ALGT,Allegiant Travel Company,NASDAQ,Industrials,"Airlines, Airports & Air Services",118.67,2168,615154
ALHC,"Alignment Healthcare, Inc.",NASDAQ,Healthcare,Medical - Healthcare Plans,23.8,4920,5434253
ALIT,"Alight, Inc.",NYSE,Technology,Information Technology Services,14.26,376,1046504
ALK,"Alaska Air Group, Inc.",NYSE,Industrials,"Airlines, Airports & Air Services",51.09,5693,2236641
ALKS,Alkermes plc,NASDAQ,Healthcare,Biotechnology,54.58,9097,1653919
ALKT,"Alkami Technology, Inc.",NASDAQ,Technology,Software - Application,19.02,2036,2942849
ALM,Almonty Industries Inc.,NASDAQ,Basic Materials,Other Precious Metals,15.71,5161,4759479
ALMS,Alumis Inc.,NASDAQ,Healthcare,Biotechnology,26.5,3271,1819247
ALOY,REalloys Inc.,NASDAQ,Basic Materials,Other Precious Metals,13.28,813,3241082
ALSN,"Allison Transmission Holdings, Inc.",NYSE,Consumer Cyclical,Auto - Parts,116.37,9651,12247150
ALV,"Autoliv, Inc.",NYSE,Consumer Cyclical,Auto - Parts,116.24,8702,559278
AMBA,"Ambarella, Inc.",NASDAQ,Technology,Semiconductors,78.36,3438,2309871
AMBQ,"Ambiq Micro, Inc.",NYSE,Technology,Semiconductors,82.85,1976,579121
AMLX,"Amylyx Pharmaceuticals, Inc.",NASDAQ,Healthcare,Biotechnology,18.27,1519,1392714
AMN,"AMN Healthcare Services, Inc.",NYSE,Healthcare,Medical - Care Facilities,34.75,1348,862255
AMPX,"Amprius Technologies, Inc.",NYSE,Industrials,Electrical Equipment & Parts,12.38,1753,7432619
AMRX,"Amneal Pharmaceuticals, Inc.",NASDAQ,Healthcare,Drug Manufacturers - Specialty & Generic,17.15,5435,1544981
AMSC,American Superconductor Corporation,NASDAQ,Industrials,Industrial - Machinery,37.11,1798,884367
AMTM,"Amentum Holdings, Inc.",NYSE,Industrials,Aerospace & Defense,21.24,5184,2429723
ANAB,"AnaptysBio, Inc.",NASDAQ,Healthcare,Biotechnology,63.42,2735,1355586
ANDG,Andersen,NYSE,Industrials,Specialty Business Services,36.36,4090,571661
ANF,Abercrombie & Fitch Co.,NYSE,Consumer Cyclical,Apparel - Retail,92.41,4106,1028154
ANIP,"ANI Pharmaceuticals, Inc.",NASDAQ,Healthcare,Drug Manufacturers - Specialty & Generic,86.03,1956,580967
AORT,"Artivion, Inc.",NYSE,Healthcare,Medical - Devices,23.97,1164,698405
AOS,A. O. Smith Corporation,NYSE,Industrials,Industrial - Machinery,62.72,8762,1673041
AOSL,Alpha and Omega Semiconductor Limited,NASDAQ,Technology,Semiconductors,37.11,1111,780142
APAM,Artisan Partners Asset Management Inc.,NYSE,Financial Services,Asset Management,35.41,2514,1138653
APLD,Applied Digital Corp.,NASDAQ,Technology,Information Technology Services,33.06,9448,24641086
APLE,"Apple Hospitality REIT, Inc.",NYSE,Real Estate,REIT - Hotel & Motel,16.65,3928,1511068
APPN,Appian Corporation,NASDAQ,Technology,Software - Application,24.4,1805,728972
APPS,"Digital Turbine, Inc.",NASDAQ,Technology,Software - Application,12.71,1534,6019560
ARDT,Ardent Health Inc.,NYSE,Healthcare,Medical - Care Facilities,10.76,1542,603795
ARE,"Alexandria Real Estate Equities, Inc.",NYSE,Real Estate,REIT - Office,52.58,9163,1194059
ARI,"Apollo Commercial Real Estate Finance, Inc.",NYSE,Real Estate,REIT - Mortgage,10.39,1361,5270254
ARIS,Aris Mining Corporation,NYSE,Basic Materials,Other Precious Metals,16.0,3302,1812982
ARLO,"Arlo Technologies, Inc.",NYSE,Technology,Communication Equipment,12.98,1410,1223596
AROC,"Archrock, Inc.",NYSE,Energy,Oil & Gas Equipment & Services,36.79,6448,1691979
ARQQ,Arqit Quantum Inc.,NASDAQ,Technology,Software - Infrastructure,23.515,415,1129550
ARQT,"Arcutis Biotherapeutics, Inc.",NASDAQ,Healthcare,Biotechnology,25.81,3228,1198181
ARR,"ARMOUR Residential REIT, Inc.",NYSE,Real Estate,REIT - Mortgage,17.13,2125,4720326
ARX,Accelerant Holdings,NYSE,Financial Services,Insurance - Property & Casualty,13.77,3005,1423042
ARXS,"Arxis, Inc. Class A Common Stock",NASDAQ,Industrials,Aerospace & Defense,44.95,1820,1134430
ASB,Associated Banc-Corp,NYSE,Financial Services,Banks - Regional,30.64,5788,1754474
ASC,Ardmore Shipping Corporation,NYSE,Industrials,Marine Shipping,14.86,606,864931
ASO,"Academy Sports and Outdoors, Inc.",NASDAQ,Consumer Cyclical,Specialty Retail,47.84,2967,1181817
ASST,"Strive, Inc.",NASDAQ,Financial Services,Asset Management,13.11,1271,6062575
ASTH,"Astrana Health, Inc.",NASDAQ,Healthcare,Medical - Care Facilities,49.17,2438,1051937
ATAT,Atour Lifestyle Holdings Limited,NASDAQ,Consumer Cyclical,Travel Lodging,32.22,4453,1570864
ATEN,"A10 Networks, Inc.",NYSE,Technology,Software - Infrastructure,36.3,2614,1102643
ATEX,Anterix Inc.,NASDAQ,Communication Services,Telecommunications Services,105.14,2050,612157
ATHM,Autohome Inc.,NYSE,Communication Services,Internet Content & Information,18.18,526,506746
ATRC,"AtriCure, Inc.",NASDAQ,Healthcare,Medical - Instruments & Supplies,31.79,1610,1545460
ATRO,Astronics Corporation,NASDAQ,Industrials,Aerospace & Defense,70.83,2723,1104440
AUB,Atlantic Union Bankshares Corporation,NYSE,Financial Services,Banks - Regional,42.26,6048,1059387
AUGO,Aura Minerals,NASDAQ,Basic Materials,Other Precious Metals,65.46,5485,1380764
AUPH,Aurinia Pharmaceuticals Inc.,NASDAQ,Healthcare,Biotechnology,15.61,2007,2640664
AVBP,"ArriVent BioPharma, Inc.",NASDAQ,Healthcare,Biotechnology,34.67,1615,515615
AVEX,Aevex Corp.,NYSE,Industrials,Aerospace & Defense,20.69,1168,2567323
AVLN,Avalyn Pharma Inc. Common Stock,NASDAQ,Healthcare,Medical - Pharmaceuticals,29.73,1318,582507
AVNS,"Avanos Medical, Inc.",NYSE,Healthcare,Medical - Devices,24.93,1168,1126337
AVNT,Avient Corporation,NYSE,Basic Materials,Chemicals - Specialty,37.31,3422,523628
AVO,"Mission Produce, Inc.",NASDAQ,Consumer Defensive,Food Distribution,12.49,883,1186474
AVPT,"AvePoint, Inc.",NASDAQ,Technology,Software - Infrastructure,11.46,2430,1566940
AVR,Anteris Technologies Global Corp.,NASDAQ,Healthcare,Medical - Devices,10.24,377,1262697
AVT,"Avnet, Inc.",NASDAQ,Technology,Technology Distributors,82.18,7159,1148762
AVTR,"Avantor, Inc.",NYSE,Healthcare,Medical - Instruments & Supplies,10.32,6834,6885694
AXGN,"AxoGen, Inc.",NASDAQ,Healthcare,Medical - Devices,45.89,2440,2409600
AXS,AXIS Capital Holdings Limited,NYSE,Financial Services,Insurance - Diversified,113.36,8357,624835
AXTA,Axalta Coating Systems Ltd.,NYSE,Basic Materials,Chemicals - Specialty,35.11,7514,1247588
AXTI,"AXT, Inc.",NASDAQ,Technology,Semiconductors,56.62,2625,10336394
AZTA,"Azenta, Inc.",NASDAQ,Healthcare,Medical - Instruments & Supplies,25.84,1191,518088
BAH,Booz Allen Hamilton Holding Corporation,NYSE,Industrials,Consulting Services,62.45,7490,3365392
BANC,"Banc of California, Inc.",NYSE,Financial Services,Banks - Regional,20.3,3130,2413385
BAND,Bandwidth Inc.,NASDAQ,Technology,Software - Infrastructure,61.6,1972,931754
BB,BlackBerry Limited,NYSE,Technology,Software - Infrastructure,11.51,6746,50661124
BBNX,"Beta Bionics, Inc.",NASDAQ,Healthcare,Medical - Equipment & Services,16.76,747,606898
BBWI,"Bath & Body Works, Inc.",NYSE,Consumer Cyclical,Specialty Retail,21.96,4426,4925482
BCAR,D. Boral ARC Acquisition I Corp. Cl A,NASDAQ,Financial Services,Shell Companies,10.51,426,884178
BCAX,Bicara Therapeutics Inc. Common Stock,NASDAQ,Healthcare,Biotechnology,29.0,1619,924138
BCO,The Brink's Company,NYSE,Industrials,Security & Protection Services,101.5,4180,560098
BDC,Belden Inc.,NYSE,Technology,Communication Equipment,115.41,4495,539690
BEAM,Beam Therapeutics Inc.,NASDAQ,Healthcare,Biotechnology,34.79,3579,2316284
BEPC,Brookfield Renewable Corporation,NYSE,Utilities,Renewable Utilities,36.49,5388,1217869
BETA,"BETA Technologies, Inc.",NYSE,Industrials,Aerospace & Defense,18.11,4025,1465506
BFAM,Bright Horizons Family Solutions Inc.,NYSE,Consumer Cyclical,Personal Products & Services,75.14,3953,611314
BGC,"BGC Group, Inc",NASDAQ,Financial Services,Financial - Capital Markets,11.02,5236,2599002
BHE,"Benchmark Electronics, Inc.",NYSE,Technology,"Hardware, Equipment & Parts",86.13,3093,535642
BHVN,Biohaven Ltd.,NYSE,Healthcare,Biotechnology,15.96,1690,3530587
BILI,Bilibili Inc.,NASDAQ,Technology,Electronic Gaming & Multimedia,17.14,7229,2226051
BILL,"Bill.com Holdings, Inc.",NYSE,Technology,Software - Application,40.48,4032,2419341
BIPC,Brookfield Infrastructure Corporation,NYSE,Utilities,Regulated Gas,39.0,4699,517306
BIRK,Birkenstock Holding plc,NYSE,Consumer Cyclical,Apparel - Footwear & Accessories,45.99,8307,1304467
BKD,Brookdale Senior Living Inc.,NYSE,Healthcare,Medical - Care Facilities,15.87,3790,1611950
BKH,Black Hills Corporation,NYSE,Utilities,Diversified Utilities,73.79,5606,757148
BKSY,BlackSky Technology Inc.,NYSE,Technology,"Hardware, Equipment & Parts",27.88,1035,1284962
BKU,"BankUnited, Inc.",NYSE,Financial Services,Banks - Regional,48.57,3530,854838
BKV,BKV Corporation,NYSE,Energy,Oil & Gas Exploration & Production,27.35,2992,707982
BL,"BlackLine, Inc.",NASDAQ,Technology,Software - Application,29.88,1753,1055620
BLBD,Blue Bird Corporation,NASDAQ,Consumer Cyclical,Auto - Manufacturers,76.08,2408,992146
BLDR,"Builders FirstSource, Inc.",NYSE,Basic Materials,Construction Materials,84.69,9109,1685260
BLFS,"BioLife Solutions, Inc.",NASDAQ,Healthcare,Medical - Instruments & Supplies,28.11,1373,655344
BLKB,"Blackbaud, Inc.",NASDAQ,Technology,Software - Application,30.09,1383,706250
BLLN,"BillionToOne, Inc.",NASDAQ,Healthcare,Medical - Diagnostics & Research,120.35,5627,575332
BLSH,Bullish,NYSE,Technology,Software - Application,25.57,3878,1826675
BLZE,"Backblaze, Inc.",NASDAQ,Technology,Software - Infrastructure,15.62,937,3003285
BMNR,"Bitmine Immersion Technologies, Inc.",NYSE,Financial Services,Financial - Capital Markets,14.36,8179,40903904
BNL,"Broadstone Net Lease, Inc.",NYSE,Real Estate,REIT - Diversified,21.25,4075,2325944
BOBS,"Bob's Discount Furniture, Inc.",NYSE,Consumer Cyclical,Specialty Retail,16.39,2141,547463
BOT,"RoboStrategy, Inc. Common Stock",NASDAQ,Financial Services,Asset Management,35.63,722,873558
BOX,"Box, Inc.",NYSE,Technology,Software - Application,27.89,3864,1952416
BRBR,"BellRing Brands, Inc.",NYSE,Consumer Defensive,Packaged Foods,13.86,1612,4119564
BRKR,Bruker Corporation,NASDAQ,Healthcare,Medical - Devices,61.64,9383,3647054
BRSL,Brightstar Lottery PLC,NYSE,Consumer Cyclical,"Gambling, Resorts & Casinos",11.26,2072,926620
BRUN,Boost Run Inc. Class A Common Stock,NASDAQ,Technology,Software - Application,31.76,2569,2489811
BRX,Brixmor Property Group Inc.,NYSE,Real Estate,REIT - Retail,31.2,9573,1474599
BRZE,"Braze, Inc.",NASDAQ,Technology,Software - Application,23.81,2682,2025839
BSY,"Bentley Systems, Incorporated",NASDAQ,Technology,Software - Application,32.26,9429,3927092
BTDR,Bitdeer Technologies Group,NASDAQ,Technology,Software - Application,13.85,3234,14496142
BTU,Peabody Energy Corporation,NYSE,Energy,Coal,22.3,2717,2120071
BUSE,First Busey Corporation,NASDAQ,Financial Services,Banks - Regional,29.65,2508,777069
BV,"BrightView Holdings, Inc.",NYSE,Industrials,Specialty Business Services,14.4,1342,896039
BVN,Compañía de Minas Buenaventura S.A.A.,NYSE,Basic Materials,Other Precious Metals,29.7,7548,1072120
BVS,Bioventus Inc.,NASDAQ,Healthcare,Medical - Devices,10.48,710,701199
BW,"Babcock & Wilcox Enterprises, Inc.",NYSE,Industrials,Industrial - Machinery,11.74,1334,5189627
BWIN,"The Baldwin Insurance Group, Inc.",NASDAQ,Financial Services,Insurance - Brokers,28.41,2127,1749292
BXMT,"Blackstone Mortgage Trust, Inc.",NYSE,Real Estate,REIT - Mortgage,17.25,2890,877323
BYD,Boyd Gaming Corporation,NYSE,Consumer Cyclical,"Gambling, Resorts & Casinos",87.9,6534,783793
BZ,Kanzhun Limited,NASDAQ,Industrials,Staffing & Employment Services,13.0,5949,2268347
CAE,CAE Inc.,NYSE,Industrials,Aerospace & Defense,25.51,8203,713770
CAG,"Conagra Brands, Inc.",NYSE,Consumer Defensive,Packaged Foods,14.33,6861,11456715
CAI,"Caris Life Sciences, Inc.",NASDAQ,Healthcare,Biotechnology,18.3,5173,2927412
CAKE,The Cheesecake Factory Incorporated,NASDAQ,Consumer Cyclical,Restaurants,79.18,3934,1410375
CALM,"Cal-Maine Foods, Inc.",NASDAQ,Consumer Defensive,Agricultural Farm Products,83.85,3973,862736
CALX,"Calix, Inc.",NYSE,Technology,Software - Application,38.48,2454,1250613
CALY,Callaway Golf Company,NYSE,Consumer Cyclical,Leisure,18.26,3282,1439134
CAPR,"Capricor Therapeutics, Inc.",NASDAQ,Healthcare,Biotechnology,23.21,1061,1641256
CARG,"CarGurus, Inc.",NASDAQ,Consumer Cyclical,Auto - Dealerships,36.24,3500,1151239
CAVA,"CAVA Group, Inc.",NYSE,Consumer Cyclical,Restaurants,76.88,8955,1936961
CBC,Central Bancompany,NASDAQ,Financial Services,Banks - Regional,31.46,7543,864488
CBLL,"CeriBell, Inc.",NASDAQ,Healthcare,Medical - Devices,19.55,742,721374
CBRL,Cracker Barrel Old Country Store,NASDAQ,Consumer Cyclical,Restaurants,53.5,1196,913183
CBSH,"Commerce Bancshares, Inc.",NASDAQ,Financial Services,Banks - Regional,58.03,8459,1276258
CC,The Chemours Company,NYSE,Basic Materials,Chemicals - Specialty,19.01,2859,2455285
CCOI,"Cogent Communications Holdings, Inc.",NASDAQ,Communication Services,Telecommunications Services,12.99,651,2189001
CCRN,"Cross Country Healthcare, Inc.",NASDAQ,Healthcare,Medical - Care Facilities,13.2,426,980186
CCXI,Churchill Capital Corp XI,NASDAQ,Financial Services,Financial - Conglomerates,19.1,800,10872806
CDNA,"CareDx, Inc",NASDAQ,Healthcare,Medical - Diagnostics & Research,29.19,1508,855903
CDNL,Cardinal Infrastructure Group Inc.,NASDAQ,Industrials,Engineering & Construction,74.25,1136,1535764
CDP,COPT Defense Properties,NYSE,Real Estate,REIT - Office,37.67,4271,746918
CE,Celanese Corporation,NYSE,Basic Materials,Chemicals - Specialty,47.68,5229,1620673
CECO,CECO Environmental Corp.,NASDAQ,Industrials,Industrial - Pollution & Treatment Controls,82.15,2947,1137783
CELC,Celcuity Inc.,NASDAQ,Healthcare,Biotechnology,107.95,5264,1044326
CELH,"Celsius Holdings, Inc.",NASDAQ,Consumer Defensive,Beverages - Non-Alcoholic,33.16,8477,9308756
CENX,Century Aluminum Company,NASDAQ,Basic Materials,Aluminum,43.76,4331,2153219
CEPT,"Cantor Equity Partners II, Inc.",NASDAQ,Financial Services,Financial - Conglomerates,11.78,360,965940
CEVA,"CEVA, Inc.",NASDAQ,Technology,Semiconductors,40.42,1168,617534
CGAU,Centerra Gold Inc.,NYSE,Basic Materials,Gold,16.58,3293,1701838
CGEM,"Cullinan Therapeutics, Inc.",NASDAQ,Healthcare,Medical - Pharmaceuticals,17.63,1084,1074820
CGON,CG Oncology Inc.,NASDAQ,Healthcare,Biotechnology,70.36,6206,792385
CHA,Chagee Holdings Limited American Depositary Shares,NASDAQ,Consumer Defensive,Beverages - Non-Alcoholic,11.01,2100,1464543
CHDN,Churchill Downs Incorporated,NASDAQ,Consumer Cyclical,"Gambling, Resorts & Casinos",90.91,6336,803305
CHH,"Choice Hotels International, Inc.",NYSE,Consumer Cyclical,Travel Lodging,112.37,5112,907408
CHRD,Chord Energy Corporation,NASDAQ,Energy,Oil & Gas Exploration & Production,113.32,6380,804649
CHWY,"Chewy, Inc.",NYSE,Consumer Cyclical,Specialty Retail,20.85,8634,10077192
CHYM,"Chime Financial, Inc. Class A Common Stock",NASDAQ,Financial Services,Banks - Regional,20.87,7952,3683708
CIFR,Cipher Mining Inc.,NASDAQ,Financial Services,Financial - Capital Markets,20.04,8197,31109492
CLB,Core Laboratories N.V.,NYSE,Energy,Oil & Gas Equipment & Services,11.46,536,892138
CLBK,"Columbia Financial, Inc.",NASDAQ,Financial Services,Banks - Regional,21.17,2213,612802
CLBT,Cellebrite DI Ltd.,NASDAQ,Technology,Software - Infrastructure,15.65,3904,3798865
CLDX,"Celldex Therapeutics, Inc.",NASDAQ,Healthcare,Biotechnology,38.37,2553,876831
CLMT,Calumet Inc.,NASDAQ,Energy,Oil & Gas Refining & Marketing,36.42,3174,744781
CLPT,"ClearPoint Neuro, Inc.",NASDAQ,Healthcare,Medical - Devices,18.72,561,599057
CLSK,"CleanSpark, Inc.",NASDAQ,Financial Services,Asset Management - Cryptocurrency,12.62,3238,20547741
CLYM,"Climb Bio, Inc.",NASDAQ,Healthcare,Biotechnology,12.9,880,1176673
CMBT,Cmb.Tech N.V.,NYSE,Industrials,Marine Shipping,14.56,3387,1222179
CMC,Commercial Metals Company,NYSE,Basic Materials,Steel,61.73,6829,1390460
CMCO,Columbus McKinnon Corporation,NASDAQ,Industrials,Agricultural - Machinery,13.55,391,803426
CMPS,COMPASS Pathways plc,NASDAQ,Healthcare,Medical - Care Facilities,13.62,1309,4103686
CNK,"Cinemark Holdings, Inc.",NYSE,Communication Services,Entertainment,31.53,3682,2185938
CNM,"Core & Main, Inc.",NYSE,Industrials,Industrial - Distribution,44.93,8411,2998509
CNOB,"ConnectOne Bancorp, Inc.",NASDAQ,Financial Services,Banks - Regional,32.52,1635,621647
CNX,CNX Resources Corporation,NYSE,Energy,Oil & Gas Exploration & Production,33.84,4788,1310800
CNXC,Concentrix Corporation,NASDAQ,Technology,Information Technology Services,23.6,1479,2510159
COCO,"The Vita Coco Company, Inc.",NASDAQ,Consumer Defensive,Beverages - Non-Alcoholic,66.16,3834,1166428
CODI,Compass Diversified,NYSE,Industrials,Conglomerates,10.61,798,852130
COGT,"Cogent Biosciences, Inc.",NASDAQ,Healthcare,Biotechnology,38.69,6611,1858903
COHU,"Cohu, Inc.",NASDAQ,Technology,Semiconductors,59.27,2796,2263213
COLB,"Columbia Banking System, Inc.",NASDAQ,Financial Services,Banks - Regional,31.72,7550,3434797
COLM,Columbia Sportswear Company,NASDAQ,Consumer Cyclical,Apparel - Manufacturers,63.32,3238,515072
COMP,"Compass, Inc.",NYSE,Technology,Software - Application,12.62,7675,14865019
CON,"Concentra Group Holdings Parent, Inc.",NYSE,Healthcare,Medical - Equipment & Services,31.91,4083,1270446
CORT,Corcept Therapeutics Incorporated,NASDAQ,Healthcare,Biotechnology,90.21,9684,772001
CORZ,"Core Scientific, Inc.",NASDAQ,Technology,Software - Infrastructure,21.43,6812,18569728
CPB,Campbell Soup Company,NASDAQ,Consumer Defensive,Packaged Foods,23.32,6914,7839003
CPRI,Capri Holdings Limited,NYSE,Consumer Cyclical,Luxury Goods,18.96,2177,1870254
CPRX,"Catalyst Pharmaceuticals, Inc.",NASDAQ,Healthcare,Biotechnology,31.45,3850,1616291
CRESY,"Cresud Sociedad Anónima, Comercial, Inmobiliaria, Financiera y Agropecuaria",NASDAQ,Industrials,Conglomerates,11.01,712,1181530
CRI,Carter's Inc.,NYSE,Consumer Cyclical,Specialty Retail,40.65,1498,618556
CRK,"Comstock Resources, Inc.",NYSE,Energy,Oil & Gas Exploration & Production,14.68,4311,2191915
CRNC,Cerence Inc.,NASDAQ,Technology,Software - Application,10.71,484,585118
CRNX,"Crinetics Pharmaceuticals, Inc.",NASDAQ,Healthcare,Biotechnology,42.23,4453,2176712
CRSP,CRISPR Therapeutics AG,NASDAQ,Healthcare,Biotechnology,60.08,5795,2931688
CRVS,"Corvus Pharmaceuticals, Inc.",NASDAQ,Healthcare,Biotechnology,15.23,1281,1318915
CSIQ,Canadian Solar Inc.,NASDAQ,Energy,Solar,14.455,981,2598965
CSTM,Constellium SE,NYSE,Basic Materials,Aluminum,29.49,4138,2009427
CSWC,Capital Southwest Corporation,NASDAQ,Financial Services,Asset Management,23.73,1475,525358
CTOS,"Custom Truck One Source, Inc.",NYSE,Industrials,Rental & Leasing Services,10.04,2283,944427
CTRE,"CareTrust REIT, Inc.",NYSE,Real Estate,REIT - Healthcare Facilities,41.76,9865,1855695
CTRI,"Centuri Holdings, Inc.",NYSE,Utilities,Regulated Gas,27.39,2765,1206620
CUBE,CubeSmart,NYSE,Real Estate,REIT - Industrial,40.98,9327,1529006
CURB,Curbline Properties Corp.,NYSE,Real Estate,REIT - Retail,30.34,3460,1161608
CUZ,Cousins Properties Incorporated,NYSE,Real Estate,REIT - Office,31.06,5096,1017349
CVBF,CVB Financial Corp.,NASDAQ,Financial Services,Banks - Regional,22.81,3096,1443047
CVI,"CVR Energy, Inc.",NYSE,Energy,Oil & Gas Refining & Marketing,28.48,2863,526145
CWEN,"Clearway Energy, Inc.",NYSE,Utilities,Renewable Utilities,32.76,6732,1557763
CWK,Cushman & Wakefield plc,NYSE,Real Estate,Real Estate - Services,13.99,3278,2516474
CWST,"Casella Waste Systems, Inc.",NASDAQ,Industrials,Waste Management,97.49,6105,697963
CXT,"Crane NXT, Co.",NYSE,Industrials,Industrial - Machinery,52.5,3021,836600
CXW,"CoreCivic, Inc.",NYSE,Real Estate,REIT - Specialty,31.03,3069,599575
CYRX,"Cryoport, Inc.",NASDAQ,Industrials,Integrated Freight & Logistics,15.49,781,602360
CZR,"Caesars Entertainment, Inc.",NASDAQ,Consumer Cyclical,"Gambling, Resorts & Casinos",30.39,6190,2215322
DAKT,"Daktronics, Inc.",NASDAQ,Technology,"Hardware, Equipment & Parts",19.91,961,585591
DAN,Dana Incorporated,NYSE,Consumer Cyclical,Auto - Parts,24.91,3286,1859647
DAR,Darling Ingredients Inc.,NYSE,Consumer Defensive,Packaged Foods,56.53,8984,2089099
DBRG,"DigitalBridge Group, Inc.",NYSE,Financial Services,Asset Management,15.78,2878,2188871
DBX,"Dropbox, Inc.",NASDAQ,Technology,Software - Infrastructure,28.56,7269,3609382
DEC,Diversified Energy Company PLC,NYSE,Energy,Oil & Gas Exploration & Production,14.3,1034,1192219
DEI,"Douglas Emmett, Inc.",NYSE,Real Estate,REIT - Office,12.51,2095,1833758
DFTX,"Definium Therapeutics, Inc.",NASDAQ,Healthcare,Biotechnology,44.19,4819,2363067
DGII,Digi International Inc.,NASDAQ,Technology,Communication Equipment,72.15,2720,528232
DHT,"DHT Holdings, Inc.",NYSE,Industrials,Marine Shipping,17.18,2767,2778799
DIOD,Diodes Incorporated,NASDAQ,Technology,Semiconductors,96.25,4422,632075
DK,"Delek US Holdings, Inc.",NYSE,Energy,Oil & Gas Refining & Marketing,52.61,3285,865770
DLB,"Dolby Laboratories, Inc.",NYSE,Technology,Information Technology Services,51.15,4888,1180364
DLO,Dlocal Limited,NASDAQ,Technology,Software - Application,14.88,4367,5944236
DMRA,"Damora Therapeutics, Inc.",NASDAQ,Healthcare,Biotechnology,29.98,1845,761150
DNA,"Ginkgo Bioworks Holdings, Inc.",NYSE,Healthcare,Biotechnology,10.4,679,775241
DNLI,Denali Therapeutics Inc.,NASDAQ,Healthcare,Biotechnology,25.83,4068,1541533
DNOW,Dnow Inc.,NYSE,Energy,Oil & Gas Equipment & Services,12.6,1485,2764478
DNTH,"Dianthus Therapeutics, Inc.",NASDAQ,Healthcare,Biotechnology,94.34,3939,753183
DOCS,"Doximity, Inc.",NYSE,Healthcare,Medical - Healthcare Information Services,21.86,4088,2817700
DOCU,"DocuSign, Inc.",NASDAQ,Technology,Software - Application,45.77,8740,2484379
DOLE,Dole plc,NYSE,Consumer Defensive,Agricultural Farm Products,14.02,1325,846444
DOX,Amdocs Limited,NASDAQ,Technology,Software - Infrastructure,51.75,5567,1419708
DPC,DPC Holdings Ltd.,NYSE,Industrials,Manufacturing - Metal Fabrication,48.64,7017,2017151
DQ,Daqo New Energy Corp.,NYSE,Energy,Solar,12.25,829,1333529
DRH,DiamondRock Hospitality Company,NASDAQ,Real Estate,REIT - Hotel & Motel,12.08,2470,2050664
DRTS,Alpha Tau Medical Ltd,NASDAQ,Healthcare,Medical - Equipment & Services,13.23,1195,1154552
DRVN,Driven Brands Holdings Inc.,NASDAQ,Consumer Cyclical,Auto - Dealerships,14.47,2387,2173687
DSGN,"Design Therapeutics, Inc.",NASDAQ,Healthcare,Biotechnology,15.64,977,1578419
DSGX,The Descartes Systems Group Inc.,NASDAQ,Technology,Software - Application,72.795,6228,725304
DV,"DoubleVerify Holdings, Inc.",NYSE,Technology,Software - Application,11.44,1756,1766544
DX,"Dynex Capital, Inc.",NYSE,Real Estate,REIT - Mortgage,13.01,1971,3872180
DYN,"Dyne Therapeutics, Inc.",NASDAQ,Healthcare,Biotechnology,23.07,3763,2164723
EBC,"Eastern Bankshares, Inc.",NASDAQ,Financial Services,Banks - Regional,22.36,5168,2305356
ECVT,Ecovyst Inc.,NYSE,Basic Materials,Chemicals - Specialty,11.83,1295,1248556
EEFT,"Euronet Worldwide, Inc.",NASDAQ,Technology,Software - Infrastructure,77.18,2919,539194
EFC,Ellington Financial Inc.,NYSE,Real Estate,REIT - Mortgage,13.47,1340,997024
EFOR,"Everforth, Inc.",NYSE,Technology,Information Technology Services,17.66,724,912088
EGO,Eldorado Gold Corporation,NYSE,Basic Materials,Gold,33.68,6778,3882513
ELF,"e.l.f. Beauty, Inc.",NYSE,Consumer Defensive,Household & Personal Products,76.42,4542,3871264
ELMT,Elmet Group Co.,NASDAQ,Industrials,Manufacturing - Metal Fabrication,17.43,523,817795
ELVN,"Enliven Therapeutics, Inc.",NASDAQ,Healthcare,Biotechnology,49.82,3559,853884
EMN,Eastman Chemical Company,NYSE,Basic Materials,Chemicals,68.86,7874,870964
ENOV,Enovis Corporation,NYSE,Healthcare,Medical - Devices,22.5,1295,1301427
ENPH,"Enphase Energy, Inc.",NASDAQ,Energy,Solar,43.07,5677,6885299
ENR,"Energizer Holdings, Inc.",NYSE,Industrials,Electrical Equipment & Parts,21.75,1489,556719
EPAM,"EPAM Systems, Inc.",NYSE,Technology,Information Technology Services,88.27,4612,2037324
EPC,Edgewell Personal Care Company,NYSE,Consumer Defensive,Household & Personal Products,27.21,1254,624148
EPR,EPR Properties,NYSE,Real Estate,REIT - Specialty,59.1,4522,523346
EPRT,"Essential Properties Realty Trust, Inc.",NYSE,Real Estate,REIT - Diversified,31.18,6743,1094557
EQPT,EquipmentShare.com Inc.,NASDAQ,Industrials,Rental & Leasing Services,19.19,4843,2521573
EQX,Equinox Gold Corp.,AMEX,Basic Materials,Gold,10.14,8002,17258323
ERAS,"Erasca, Inc.",NASDAQ,Healthcare,Biotechnology,18.47,5744,4096130
ERO,Ero Copper Corp.,NYSE,Basic Materials,Copper,26.21,2733,1565030
EROC,"ERock, Inc.",NYSE,Industrials,Industrial - Machinery,15.47,745,1116980
ESTC,Elastic N.V.,NYSE,Technology,Software - Application,58.04,6033,1555028
ETON,"Eton Pharmaceuticals, Inc.",NASDAQ,Healthcare,Drug Manufacturers - Specialty & Generic,37.5,1027,527912
ETOR,eToro Group Ltd.,NASDAQ,Financial Services,Financial - Capital Markets,40.47,3406,1010553
ETSY,"Etsy, Inc.",NYSE,Consumer Cyclical,Specialty Retail,76.97,6911,2499008
EVC,Entravision Communications,NYSE,Communication Services,Broadcasting,13.05,1201,1721186
EWTX,"Edgewise Therapeutics, Inc.",NASDAQ,Healthcare,Biotechnology,39.56,4256,793162
EXLS,"ExlService Holdings, Inc.",NASDAQ,Technology,Information Technology Services,27.02,4128,2632864
EXTR,"Extreme Networks, Inc.",NASDAQ,Technology,Communication Equipment,29.8,4110,1945288
EYE,"National Vision Holdings, Inc.",NASDAQ,Consumer Cyclical,Specialty Retail,19.76,1583,1679742
EYPT,"EyePoint Pharmaceuticals, Inc.",NASDAQ,Healthcare,Biotechnology,13.98,1172,1490930
EZPW,"EZCORP, Inc.",NASDAQ,Financial Services,Financial - Credit Services,35.59,2084,1152021
FA,First Advantage Corporation,NASDAQ,Industrials,Specialty Business Services,20.53,3522,2115111
FAF,First American Financial Corporation,NYSE,Financial Services,Insurance - Specialty,69.48,7080,1051138
FBIN,"Fortune Brands Innovations, Inc.",NYSE,Industrials,Construction,53.22,6349,2778808
FBP,First BanCorp.,NYSE,Financial Services,Banks - Regional,26.33,4073,1131221
FCEL,"FuelCell Energy, Inc.",NASDAQ,Industrials,Electrical Equipment & Parts,28.11,1448,11788174
FCPT,"Four Corners Property Trust, Inc.",NYSE,Real Estate,REIT - Retail,25.11,2756,543897
FDMT,"4D Molecular Therapeutics, Inc.",NASDAQ,Healthcare,Biotechnology,13.0,680,1002805
FFBC,First Financial Bancorp.,NASDAQ,Financial Services,Banks - Regional,34.39,3609,1007471
FFIN,"First Financial Bankshares, Inc.",NASDAQ,Financial Services,Banks - Regional,34.88,4998,947812
FHB,"First Hawaiian, Inc.",NASDAQ,Financial Services,Banks - Regional,29.97,3646,1589428
FHI,"Federated Hermes, Inc.",NYSE,Financial Services,Asset Management,56.6,4297,565544
FIBK,"First Interstate BancSystem, Inc.",NASDAQ,Financial Services,Banks - Regional,39.15,3803,911428
FIGR,"Figure Technology Solutions, Inc. Class A Common Stock",NASDAQ,Financial Services,Financial - Capital Markets,33.91,6193,4903750
FIVN,"Five9, Inc.",NASDAQ,Technology,Software - Application,23.44,1795,2681288
FIZZ,National Beverage Corp.,NASDAQ,Consumer Defensive,Beverages - Non-Alcoholic,33.33,3120,1373136
FLG,"Flagstar Financial, Inc.",NYSE,Financial Services,Banks - Regional,14.59,6081,3324788
FLNC,"Fluence Energy, Inc.",NASDAQ,Utilities,Renewable Utilities,17.0,3137,10421567
FLOC,Flowco Holdings Inc.,NYSE,Energy,Oil & Gas Equipment & Services,20.74,1931,591789
FLR,Fluor Corporation,NYSE,Industrials,Engineering & Construction,49.45,6907,2050308
FLS,Flowserve Corporation,NYSE,Industrials,Industrial - Machinery,72.34,9246,874213
FLY,Firefly Aerospace Inc.,NASDAQ,Industrials,Aerospace & Defense,28.9,4746,3550931
FLYW,Flywire Corp,NASDAQ,Industrials,Specialty Business Services,18.75,2279,2605856
FMC,FMC Corporation,NYSE,Basic Materials,Agricultural Inputs,11.35,1419,5369321
FNB,F.N.B. Corporation,NYSE,Financial Services,Banks - Regional,19.03,6774,4279841
FND,"Floor & Decor Holdings, Inc.",NYSE,Consumer Cyclical,Home Improvement,59.04,6382,1723196
FORM,"FormFactor, Inc.",NASDAQ,Technology,Semiconductors,123.59,9634,2103763
FOUR,"Shift4 Payments, Inc.",NYSE,Technology,Software - Infrastructure,51.35,4676,929241
FOXF,Fox Factory Holding Corp.,NASDAQ,Consumer Cyclical,Auto - Parts,16.51,692,623184
FR,"First Industrial Realty Trust, Inc.",NYSE,Real Estate,REIT - Industrial,62.4,8272,2133627
FRO,Frontline Plc,NYSE,Industrials,Marine Shipping,36.75,8181,2034911
FRPT,"Freshpet, Inc.",NASDAQ,Consumer Defensive,Packaged Foods,56.38,2771,1918798
FRSH,Freshworks Inc.,NASDAQ,Technology,Software - Application,10.34,2858,26896267
FRVO,Fervo Energy Co.,NASDAQ,Utilities,Regulated Electric,27.79,5670,3723397
FSK,FS KKR Capital Corp.,NYSE,Financial Services,Asset Management,10.43,2980,3507882
FSLY,"Fastly, Inc.",NASDAQ,Technology,Software - Application,18.13,2837,3113454
FTDR,"Frontdoor, Inc.",NASDAQ,Consumer Cyclical,Personal Products & Services,78.5,5513,700428
FTRE,Fortrea Holdings Inc.,NASDAQ,Healthcare,Biotechnology,17.28,1634,1371982
FUBO,fuboTV Inc.,NYSE,Communication Services,Broadcasting,10.2,1116,821439
FUL,H.B. Fuller Company,NYSE,Basic Materials,Chemicals - Specialty,58.06,3123,746256
FULT,Fulton Financial Corporation,NASDAQ,Financial Services,Banks - Regional,24.11,4608,1701392
FUN,Six Flags Entertainment Corporation,NYSE,Consumer Cyclical,Leisure,20.99,2145,1614876
FWRD,Forward Air Corporation,NASDAQ,Industrials,Integrated Freight & Logistics,13.45,425,761171
FWRG,"First Watch Restaurant Group, Inc.",NASDAQ,Consumer Cyclical,Restaurants,13.09,807,1074391
G,Genpact Limited,NYSE,Technology,Information Technology Services,29.1,4933,1360026
GAP,"The Gap, Inc.",NYSE,Consumer Cyclical,Apparel - Retail,19.25,6930,7047226
GBCI,"Glacier Bancorp, Inc.",NYSE,Financial Services,Banks - Regional,51.78,6739,562425
GBDC,"Golub Capital BDC, Inc.",NASDAQ,Financial Services,Asset Management,12.99,3384,823759
GBX,"The Greenbrier Companies, Inc.",NYSE,Industrials,Railroads,47.54,1471,1344057
GCT,GigaCloud Technology Inc.,NASDAQ,Technology,Software - Infrastructure,33.21,1240,669418
GDS,GDS Holdings Limited,NASDAQ,Technology,Information Technology Services,29.82,5813,3324195
GENB,"Generate Biomedicines, Inc.",NASDAQ,Financial Services,Asset Management,17.41,2232,833491
GEO,"The GEO Group, Inc.",NYSE,Industrials,Security & Protection Services,30.25,4042,1085778
GGAL,Grupo Financiero Galicia S.A.,NASDAQ,Financial Services,Banks - Regional,50.37,8029,810422
GIL,Gildan Activewear Inc.,NYSE,Consumer Cyclical,Apparel - Manufacturers,51.5,7880,1593983
GILT,Gilat Satellite Networks Ltd.,NASDAQ,Technology,Communication Equipment,12.88,822,654025
GLBE,Global-e Online Ltd.,NASDAQ,Consumer Cyclical,Specialty Retail,36.85,6366,1507953
GLNG,Golar LNG Limited,NASDAQ,Energy,Oil & Gas Midstream,49.01,4988,1213385
GLOB,Globant S.A.,NYSE,Technology,Information Technology Services,32.51,1404,1894350
GLUE,"Monte Rosa Therapeutics, Inc.",NASDAQ,Healthcare,Biotechnology,24.21,1577,1391613
GLXY,Galaxy Digital,NASDAQ,Financial Services,Investment - Banking & Investment Services,24.59,8156,8362811
GMRS,GMR Solutions Inc.,NYSE,Healthcare,Medical - Care Facilities,14.52,663,1014789
GNTX,Gentex Corporation,NASDAQ,Consumer Cyclical,Auto - Parts,24.51,5219,3230730
GO,Grocery Outlet Holding Corp.,NASDAQ,Consumer Defensive,Grocery Stores,10.39,1028,3022229
GOOD,Gladstone Commercial Corporation,NASDAQ,Real Estate,REIT - Diversified,12.62,611,523354
GPCR,Structure Therapeutics Inc.,NASDAQ,Healthcare,Biotechnology,53.45,3029,592501
GPGI,"GPGI, Inc.",NYSE,Industrials,Manufacturing - Metal Fabrication,16.75,4855,830190
GPK,Graphic Packaging Holding Company,NYSE,Consumer Cyclical,Packaging & Containers,10.85,3210,3246771
GPRE,Green Plains Inc.,NASDAQ,Basic Materials,Chemicals - Specialty,15.51,1086,792534
GRDN,"Guardian Pharmacy Services, Inc.",NYSE,Healthcare,Medical - Distribution,42.0,2659,565088
GRND,Grindr Inc.,NYSE,Technology,Software - Application,16.06,2854,1363357
GRPN,"Groupon, Inc.",NASDAQ,Communication Services,Internet Content & Information,25.58,972,1138817
GRRR,Gorilla Technology Group Inc.,NASDAQ,Technology,Software - Infrastructure,18.51,459,1506369
GSHD,"Goosehead Insurance, Inc",NASDAQ,Financial Services,Insurance - Diversified,52.69,2000,569640
GTES,Gates Industrial Corporation plc,NYSE,Industrials,Industrial - Machinery,26.69,6779,1436886
GTLB,GitLab Inc.,NASDAQ,Technology,Software - Application,32.07,5417,2763357
GTX,Garrett Motion Inc.,NASDAQ,Consumer Cyclical,Auto - Parts,31.75,5943,4213452
GXO,"GXO Logistics, Inc.",NYSE,Industrials,Integrated Freight & Logistics,51.95,5977,518960
HAE,Haemonetics Corporation,NYSE,Healthcare,Medical - Instruments & Supplies,75.07,3412,1122172
HALO,"Halozyme Therapeutics, Inc.",NASDAQ,Healthcare,Biotechnology,79.45,9424,1566233
HAPN,"Happen, Inc. Common Stock",NASDAQ,Financial Services,Banks,19.69,2308,6764382
HASI,"HA Sustainable Infrastructure Capital, Inc.",NYSE,Financial Services,Financial - Diversified,38.26,4890,574281
HAWK,"HawkEye 360, Inc.",NYSE,Industrials,Aerospace & Defense,21.14,2071,1559675
HAYW,"Hayward Holdings, Inc.",NYSE,Industrials,Electrical Equipment & Parts,16.97,3693,4238240
HBNC,"Horizon Bancorp, Inc.",NASDAQ,Financial Services,Banks - Regional,19.78,1015,605112
HCC,"Warrior Met Coal, Inc.",NYSE,Energy,Coal,80.83,4268,851217
HCSG,"Healthcare Services Group, Inc.",NASDAQ,Healthcare,Medical - Care Facilities,25.15,1726,699722
HE,"Hawaiian Electric Industries, Inc.",NYSE,Utilities,Diversified Utilities,13.63,2353,1032911
HELE,Helen of Troy Limited,NASDAQ,Consumer Defensive,Household & Personal Products,28.14,655,544146
HESM,Hess Midstream LP,NYSE,Energy,Oil & Gas Midstream,38.16,7885,861936
HG,"Hamilton Insurance Group, Ltd.",NYSE,Financial Services,Insurance - Reinsurance,34.44,3436,529612
HGV,Hilton Grand Vacations Inc.,NYSE,Consumer Cyclical,Travel Lodging,52.91,4194,975195
HIMS,"Hims & Hers Health, Inc.",NYSE,Healthcare,Medical - Equipment & Services,36.8,8209,14746798
HIMX,"Himax Technologies, Inc.",NASDAQ,Technology,Semiconductors,13.15,2293,2719466
HIW,"Highwoods Properties, Inc.",NYSE,Real Estate,REIT - Office,31.86,3513,1559174
HLF,Herbalife Nutrition Ltd.,NYSE,Consumer Defensive,Packaged Foods,13.11,1359,949284
HLIO,"Helios Technologies, Inc.",NYSE,Industrials,Industrial - Machinery,82.39,2723,589295
HLIT,Harmonic Inc.,NASDAQ,Technology,Communication Equipment,14.07,1712,2930087
HLNE,Hamilton Lane Incorporated,NASDAQ,Financial Services,Asset Management,79.76,4429,1080973
HNGE,"Hinge Health, Inc.",NYSE,Healthcare,Medical - Healthcare Information Services,84.05,6504,1112679
HNRG,Hallador Energy Company,NASDAQ,Energy,Coal,16.25,766,870653
HOG,"Harley-Davidson, Inc.",NYSE,Consumer Cyclical,Auto - Recreational Vehicles,24.96,2627,2080178
HOMB,"Home Bancshares, Inc.",NYSE,Financial Services,Banks - Regional,28.68,5777,1156545
HOPE,"Hope Bancorp, Inc.",NASDAQ,Financial Services,Banks - Regional,13.58,1736,760883
HP,"Helmerich & Payne, Inc.",NYSE,Energy,Oil & Gas Drilling,31.3,3128,902062
HPP,"Hudson Pacific Properties, Inc.",NYSE,Real Estate,REIT - Office,16.91,917,1135467
HQ,Horizon Quantum Holdings Ltd. Class A Ordinary Shares,NASDAQ,Technology,Software - Application,23.78,1227,641077
HQY,"HealthEquity, Inc.",NASDAQ,Healthcare,Medical - Healthcare Information Services,95.31,7968,986248
HR,Healthcare Realty Trust Incorporated,NYSE,Real Estate,REIT - Healthcare Facilities,20.61,7229,1641972
HRB,"H&R Block, Inc.",NYSE,Consumer Cyclical,Personal Products & Services,40.04,5075,1721408
HRMY,"Harmony Biosciences Holdings, Inc.",NASDAQ,Healthcare,Biotechnology,37.26,2157,1012969
HSAI,Hesai Group,NASDAQ,Consumer Cyclical,Auto - Parts,17.19,2373,1950790
HSIC,"Henry Schein, Inc.",NASDAQ,Healthcare,Medical - Distribution,86.43,9846,1736694
HTFL,"Heartflow, Inc. Common Stock",NASDAQ,Healthcare,Medical - Healthcare Information Services,27.965,2412,1892539
HTGC,"Hercules Capital, Inc.",NYSE,Financial Services,Asset Management,15.96,2986,866373
HTO,H2O America,NASDAQ,Utilities,Regulated Water,62.42,2185,526320
HUBG,"Hub Group, Inc.",NASDAQ,Industrials,Integrated Freight & Logistics,44.94,2722,690549
HUN,Huntsman Corporation,NYSE,Basic Materials,Chemicals,10.82,1898,3374189
HWC,Hancock Whitney Corporation,NASDAQ,Financial Services,Banks - Regional,74.61,6055,1134635
HXL,Hexcel Corporation,NYSE,Industrials,Aerospace & Defense,99.31,7491,921562
HYMC,Hycroft Mining Holding Corporation,NASDAQ,Basic Materials,Gold,23.62,2158,1916646
IAG,Iamgold Corporation,NYSE,Basic Materials,Gold,16.56,9572,5896255
IART,Integra LifeSciences Holdings Corporation,NASDAQ,Healthcare,Medical - Devices,18.05,1404,683034
ICFI,"ICF International, Inc.",NASDAQ,Industrials,Consulting Services,74.99,1358,576740
ICHR,"Ichor Holdings, Ltd.",NASDAQ,Technology,Semiconductors,98.22,3425,1907928
IDYA,"IDEAYA Biosciences, Inc.",NASDAQ,Healthcare,Biotechnology,37.65,3580,1264355
IMAX,IMAX Corporation,NYSE,Communication Services,Entertainment,39.88,2188,632612
IMCR,Immunocore Holdings plc,NASDAQ,Healthcare,Biotechnology,32.5,1652,954707
IMMX,"Immix Biopharma, Inc.",NASDAQ,Healthcare,Biotechnology,10.34,563,2074500
IMNM,"Immunome, Inc.",NASDAQ,Healthcare,Biotechnology,23.61,2257,1869683
IMVT,"Immunovant, Inc.",NASDAQ,Healthcare,Biotechnology,38.79,7964,1048646
INDV,Indivior Pharmaceuticals Inc,NASDAQ,Healthcare,Drug Manufacturers - Specialty & Generic,39.8,4966,1488844
INFQ,Infleqtion Inc,NYSE,Technology,"Hardware, Equipment & Parts",12.31,2136,20254738
INGM,Ingram Micro Holding Corporation,NYSE,Technology,Information Technology Services,25.65,5942,1490034
INGR,Ingredion Incorporated,NYSE,Consumer Defensive,Packaged Foods,97.62,6156,600531
INMD,InMode Ltd.,NASDAQ,Healthcare,Medical - Devices,14.8,851,688270
INOD,Innodata Inc.,NASDAQ,Technology,Information Technology Services,68.88,2249,1611406
INSP,"Inspire Medical Systems, Inc.",NYSE,Healthcare,Medical - Devices,46.95,1353,1129988
INTA,"Intapp, Inc.",NASDAQ,Technology,Software - Application,27.39,2111,1004073
INVA,"Innoviva, Inc.",NASDAQ,Healthcare,Biotechnology,22.31,1647,655045
IPAR,"Inter Parfums, Inc.",NASDAQ,Consumer Defensive,Household & Personal Products,119.39,3824,526974
IRDM,Iridium Communications Inc.,NASDAQ,Communication Services,Telecommunications Services,53.75,5695,3294773
IRON,"Disc Medicine, Inc.",NASDAQ,Healthcare,Biotechnology,76.26,2913,985673
IRT,"Independence Realty Trust, Inc.",NYSE,Real Estate,REIT - Residential,17.33,4085,2646444
ITRI,"Itron, Inc.",NASDAQ,Technology,"Hardware, Equipment & Parts",85.11,3774,691178
IVT,InvenTrust Properties Corp.,NYSE,Real Estate,REIT - Retail,35.57,2772,583413
JACK,Jack in the Box Inc.,NASDAQ,Consumer Cyclical,Restaurants,17.2,332,2166701
JAN,"Janus Living, Inc.",NYSE,Real Estate,REIT - Industrial,29.12,6180,1238726
JANX,"Janux Therapeutics, Inc.",NASDAQ,Healthcare,Biotechnology,15.54,948,1037770
JBGS,JBG SMITH Properties,NYSE,Real Estate,REIT - Industrial,15.47,901,689735
JBIO,"Jade Biosciences, Inc.",NASDAQ,Healthcare,Biotechnology,21.51,663,1204531
KBH,KB Home,NYSE,Consumer Cyclical,Residential Construction,61.16,3832,671557
KBR,"KBR, Inc.",NYSE,Industrials,Engineering & Construction,36.41,4616,1663783
KD,"Kyndryl Holdings, Inc.",NYSE,Technology,Information Technology Services,12.25,2701,3322359
KFY,Korn Ferry,NYSE,Industrials,Staffing & Employment Services,69.68,3544,559578
KGS,"Kodiak Gas Services, Inc.",NYSE,Energy,Oil & Gas Equipment & Services,67.94,7307,1464968
KLAR,Klarna Group plc,NYSE,Technology,Software - Infrastructure,19.72,7444,5453228
KLIC,"Kulicke and Soffa Industries, Inc.",NASDAQ,Technology,Semiconductors,121.33,6350,1602399
KMPR,Kemper Corporation,NYSE,Financial Services,Insurance - Property & Casualty,28.83,1697,904869
KMT,Kennametal Inc.,NYSE,Industrials,Manufacturing - Tools & Accessories,33.49,2552,769909
KMX,"CarMax, Inc.",NYSE,Consumer Cyclical,Auto - Dealerships,50.98,7235,2328022
KN,Knowles Corporation,NYSE,Technology,Communication Equipment,36.78,3147,580359
KNSA,"Kiniksa Pharmaceuticals International, plc",NASDAQ,Healthcare,Medical - Pharmaceuticals,64.53,4851,626287
KNTK,Kinetik Holdings Inc.,NYSE,Energy,Oil & Gas Midstream,47.75,3515,664490
KOD,Kodiak Sciences Inc.,NASDAQ,Healthcare,Biotechnology,38.54,2040,1006010
KRC,Kilroy Realty Corporation,NYSE,Real Estate,REIT - Office,39.32,4572,1117198
KRMN,Karman Holdings Inc.,NYSE,Industrials,Aerospace & Defense,56.37,7471,2873159
KSS,Kohl's Corporation,NYSE,Consumer Cyclical,Department Stores,18.19,2063,3209663
KT,KT Corporation,NYSE,Communication Services,Telecommunications Services,17.69,8530,1783342
KTB,"Kontoor Brands, Inc.",NYSE,Consumer Cyclical,Apparel - Manufacturers,85.0,4698,774501
KURA,"Kura Oncology, Inc.",NASDAQ,Healthcare,Biotechnology,11.1,985,1889482
KVYO,"Klaviyo, Inc.",NYSE,Technology,Software - Infrastructure,16.9,5058,4933919
KYIV,Kyivstar Group Ltd. Common Shares,NASDAQ,Communication Services,Telecommunications Services,15.68,3620,1500989
KYMR,"Kymera Therapeutics, Inc.",NASDAQ,Healthcare,Biotechnology,113.51,9337,788344
LASR,"nLIGHT, Inc.",NASDAQ,Technology,Semiconductors,63.25,3568,1045853
LAUR,"Laureate Education, Inc.",NASDAQ,Consumer Defensive,Education & Training Services,38.2,5347,1064914
LAZ,Lazard Inc,NYSE,Financial Services,Financial - Capital Markets,41.54,4089,1123124
LBRT,Liberty Energy Inc.,NYSE,Energy,Oil & Gas Equipment & Services,23.79,3882,3807716
LBTYK,Liberty Global plc,NASDAQ,Communication Services,Telecommunications Services,10.9,3685,787217
LCII,LCI Industries,NYSE,Consumer Cyclical,Auto - Recreational Vehicles,103.36,2510,1037818
LEG,"Leggett & Platt, Incorporated",NYSE,Consumer Cyclical,"Furnishings, Fixtures & Appliances",11.94,1629,2262223
LEGN,Legend Biotech Corporation,NASDAQ,Healthcare,Biotechnology,29.91,5532,1407075
LEVI,Levi Strauss & Co.,NYSE,Consumer Cyclical,Apparel - Manufacturers,24.41,9614,2366091
LFST,"LifeStance Health Group, Inc.",NASDAQ,Healthcare,Medical - Care Facilities,11.27,4371,5079780
LFTO,"Liftoff Mobile, Inc. Common Stock",NASDAQ,Communication Services,Advertising Agencies,24.46,2430,1490581
LGN,Legence Corp. Class A Common stock,NASDAQ,Industrials,Engineering & Construction,75.83,9178,1541579
LIF,"Life360, Inc.",NASDAQ,Technology,Software - Application,57.71,4676,534912
LIND,"Lindblad Expeditions Holdings, Inc.",NASDAQ,Consumer Cyclical,Travel Services,26.22,1441,765750
LION,Lionsgate Studios Corp.,NYSE,Technology,Media & Entertainment,14.66,4261,3221531
LIVN,LivaNova PLC,NASDAQ,Healthcare,Medical - Devices,83.62,4594,517430
LKQ,LKQ Corporation,NASDAQ,Consumer Cyclical,Auto - Parts,26.55,6765,2744420
LMND,"Lemonade, Inc.",NYSE,Financial Services,Insurance - Property & Casualty,71.52,5326,1929534
LMRI,"Lumexa Imaging Holdings, Inc. Common Stock",NASDAQ,Healthcare,Medical - Devices,12.43,1194,1347099
LNC,Lincoln National Corporation,NYSE,Financial Services,Insurance - Life,37.0,7075,1415873
LNTH,"Lantheus Holdings, Inc.",NASDAQ,Healthcare,Drug Manufacturers - Specialty & Generic,109.89,7155,511116
LPG,Dorian LPG Ltd.,NYSE,Energy,Oil & Gas Midstream,36.01,1541,777692
LPTH,"LightPath Technologies, Inc.",NASDAQ,Technology,"Hardware, Equipment & Parts",14.56,697,3107933
LPX,Louisiana-Pacific Corporation,NYSE,Basic Materials,"Paper, Lumber & Forest Products",79.31,5541,801381
LQDA,Liquidia Corporation,NASDAQ,Healthcare,Biotechnology,78.93,7075,1405603
LRN,"Stride, Inc.",NYSE,Consumer Defensive,Education & Training Services,90.44,3846,533298
LSPD,Lightspeed Commerce Inc.,NYSE,Technology,Software - Application,10.8,1487,721108
LTH,"Life Time Group Holdings, Inc.",NYSE,Consumer Cyclical,Leisure,40.81,9084,2021781
LUNR,"Intuitive Machines, Inc.",NASDAQ,Industrials,Aerospace & Defense,19.58,3121,9223699
LW,"Lamb Weston Holdings, Inc.",NYSE,Consumer Defensive,Packaged Foods,45.91,6251,1533975
LXU,"LSB Industries, Inc.",NYSE,Basic Materials,Chemicals,10.64,765,803051
LYFT,"Lyft, Inc.",NASDAQ,Technology,Software - Application,15.37,5836,8801643
M,"Macy's, Inc.",NYSE,Consumer Cyclical,Department Stores,23.25,6116,5172583
MAC,The Macerich Company,NYSE,Real Estate,REIT - Retail,25.46,7217,1409248
MAIN,Main Street Capital Corporation,NYSE,Financial Services,Asset Management,51.96,4832,539092
MAMA,"Mama's Creations, Inc.",NASDAQ,Consumer Defensive,Packaged Foods,18.68,765,708075
MAN,ManpowerGroup Inc.,NYSE,Industrials,Staffing & Employment Services,38.79,1767,872486
MARA,"Marathon Digital Holdings, Inc.",NASDAQ,Financial Services,Financial - Capital Markets,12.4,4728,50628944
MAT,"Mattel, Inc.",NASDAQ,Consumer Cyclical,Leisure,13.34,3865,4936980
MAX,"MediaAlpha, Inc.",NYSE,Communication Services,Internet Content & Information,13.43,726,763409
MAZE,"Maze Therapeutics, Inc.",NASDAQ,Healthcare,Biotechnology,31.26,1730,575729
MBAV,M3-Brigade Acquisition V Corp.,NASDAQ,Financial Services,Financial - Conglomerates,10.83,389,689078
MBX,"MBX Biosciences, Inc. Common Stock",NASDAQ,Healthcare,Biotechnology,57.8,1918,828855
MC,Moelis & Company,NYSE,Financial Services,Financial - Capital Markets,68.55,5066,840437
MDA,MDA Space Ltd,NYSE,Technology,"Hardware, Equipment & Parts",40.75,5654,1130663
MDU,"MDU Resources Group, Inc.",NYSE,Industrials,Conglomerates,20.71,4329,1618789
MEC,"Mayville Engineering Company, Inc.",NYSE,Industrials,Manufacturing - Metal Fabrication,33.58,686,568771
MEI,"Methode Electronics, Inc.",NYSE,Technology,"Hardware, Equipment & Parts",15.3,543,754295
MEOH,Methanex Corporation,NASDAQ,Basic Materials,Chemicals,45.47,3518,884994
METC,"Ramaco Resources, Inc.",NASDAQ,Energy,Coal,12.95,697,1576272
MGNI,"Magnite, Inc.",NASDAQ,Communication Services,Advertising Agencies,20.38,2919,2272082
MGTX,MeiraGTx Holdings plc,NASDAQ,Healthcare,Biotechnology,13.92,1289,1121345
MGY,Magnolia Oil & Gas Corporation,NYSE,Energy,Oil & Gas Exploration & Production,25.2,4661,1610422
MH,"McGraw Hill, Inc.",NYSE,Consumer Defensive,Education & Training Services,10.5,2008,1303361
MHK,"Mohawk Industries, Inc.",NYSE,Consumer Cyclical,"Furnishings, Fixtures & Appliances",119.35,7275,651853
MIAX,"Miami International Holdings, Inc. ",NYSE,Financial Services,Financial - Capital Markets,40.84,3876,2471810
MIR,"Mirion Technologies, Inc.",NYSE,Industrials,Industrial - Machinery,17.38,4252,1990421
MITK,"Mitek Systems, Inc.",NASDAQ,Technology,Software - Application,19.21,868,969250
MKTX,MarketAxess Holdings Inc.,NASDAQ,Financial Services,Financial - Capital Markets,116.53,4141,672703
MLKN,"MillerKnoll, Inc.",NASDAQ,Consumer Cyclical,"Furnishings, Fixtures & Appliances",21.42,1465,1316685
MLTX,MoonLake Immunotherapeutics,NASDAQ,Healthcare,Biotechnology,18.95,1397,1391926
MLYS,"Mineralys Therapeutics, Inc.",NASDAQ,Healthcare,Biotechnology,27.69,1836,700770
MMS,"Maximus, Inc.",NYSE,Industrials,Specialty Business Services,55.75,2929,551631
MMSI,"Merit Medical Systems, Inc.",NASDAQ,Healthcare,Medical - Instruments & Supplies,71.09,4241,638533
MMYT,MakeMyTrip Limited,NASDAQ,Consumer Cyclical,Travel Services,58.27,5460,940146
MNDY,monday.com Ltd.,NASDAQ,Technology,Software - Application,79.77,4014,924701
MNRO,Monro Inc.,NASDAQ,Consumer Cyclical,Auto - Parts,17.21,517,871110
MNTN,"MNTN, Inc Class A",NYSE,Technology,Software - Application,11.15,824,1206988
MOS,The Mosaic Company,NYSE,Basic Materials,Agricultural Inputs,21.13,6770,8900516
MP,MP Materials Corp.,NYSE,Basic Materials,Industrial Materials,53.31,9490,4645050
MQ,"Marqeta, Inc.",NASDAQ,Technology,Software - Infrastructure,17.41,1703,1499620
MRAM,"Everspin Technologies, Inc.",NASDAQ,Technology,Semiconductors,19.14,449,2223176
MRP,"Millrose Properties, Inc.",NYSE,Real Estate,REIT - Residential,29.77,4591,1384808
MRTN,"Marten Transport, Ltd.",NASDAQ,Industrials,Trucking,17.46,1425,647659
MRX,Marex Group Limited,NASDAQ,Financial Services,Financial - Capital Markets,62.52,4497,914406
MSDL,Morgan Stanley Direct Lending Fund,NYSE,Financial Services,Financial - Conglomerates,15.4,1305,597738
MSGE,Madison Square Garden Entertainment Corp.,NYSE,Communication Services,Entertainment,78.39,3708,542260
MSM,"MSC Industrial Direct Co., Inc.",NYSE,Industrials,Industrial - Distribution,122.78,6857,1348502
MTCH,"Match Group, Inc.",NASDAQ,Communication Services,Internet Content & Information,37.9,8841,3091821
MTDR,Matador Resources Company,NYSE,Energy,Oil & Gas Exploration & Production,50.18,6231,1506272
MTG,MGIC Investment Corporation,NYSE,Financial Services,Insurance - Specialty,28.23,5970,1275597
MTH,Meritage Homes Corporation,NYSE,Consumer Cyclical,Residential Construction,81.86,5468,568257
MUR,Murphy Oil Corporation,NYSE,Energy,Oil & Gas Exploration & Production,31.88,4570,1275160
MUX,McEwen Mining Inc.,NYSE,Basic Materials,Other Precious Metals,18.9,1129,1036709
MWA,"Mueller Water Products, Inc.",NYSE,Industrials,Industrial - Machinery,24.97,3907,920065
MXL,"MaxLinear, Inc.",NASDAQ,Technology,Semiconductors,93.12,8339,4944609
MYE,"Myers Industries, Inc.",NYSE,Consumer Cyclical,Packaging & Containers,31.54,1185,686777
NAMS,NewAmsterdam Pharma Company N.V.,NASDAQ,Healthcare,Biotechnology,34.83,4072,1202515
NAVN,"Navan, Inc.",NASDAQ,Technology,Software - Application,25.67,6136,6418848
NCLH,Norwegian Cruise Line Holdings Ltd.,NYSE,Consumer Cyclical,Travel Services,19.78,9081,15278459
NCNO,"nCino, Inc.",NASDAQ,Technology,Software - Application,17.75,1945,3384399
NE,Noble Corporation Plc,NYSE,Energy,Oil & Gas Drilling,37.99,6061,1130972
NEO,"NeoGenomics, Inc.",NASDAQ,Healthcare,Medical - Diagnostics & Research,15.16,395,2179064
NESR,National Energy Services Reunited Corp.,NASDAQ,Energy,Oil & Gas Equipment & Services,27.9,2814,2086845
NEXA,Nexa Resources S.A.,NYSE,Basic Materials,Industrial Materials,13.04,1727,1562207
NFG,National Fuel Gas Company,NYSE,Energy,Oil & Gas Integrated,79.34,7540,512059
NKTR,Nektar Therapeutics,NASDAQ,Healthcare,Biotechnology,71.04,1388,1120778
NMRK,"Newmark Group, Inc.",NASDAQ,Real Estate,Real Estate - Services,15.72,2456,1099565
NN,NextNav Inc.,NASDAQ,Technology,Consumer Electronics,16.28,2221,3084840
NNE,Nano Nuclear Energy Inc.,NASDAQ,Industrials,Electrical Equipment & Parts,20.03,833,3103419
NNN,"NNN REIT, Inc.",NYSE,Real Estate,REIT - Retail,47.53,9042,1069655
NOG,"Northern Oil and Gas, Inc.",NYSE,Energy,Oil & Gas Exploration & Production,17.95,1953,3542344
NOMD,Nomad Foods Limited,NYSE,Consumer Defensive,Packaged Foods,11.42,1596,1020956
NOV,NOV Inc.,NYSE,Energy,Oil & Gas Equipment & Services,18.02,6467,3890158
NP,Neptune Insurance Holdings Inc.,NYSE,Technology,Software - Application,33.22,3152,704208
NPKI,NPK International Inc.,NYSE,Energy,Oil & Gas Equipment & Services,14.31,1208,1391577
NRIX,"Nurix Therapeutics, Inc.",NASDAQ,Healthcare,Biotechnology,23.97,2077,1427663
NSIT,"Insight Enterprises, Inc.",NASDAQ,Technology,Technology Distributors,113.34,3423,622704
NTCT,"NetScout Systems, Inc.",NASDAQ,Technology,Software - Infrastructure,40.93,2926,595829
NTLA,"Intellia Therapeutics, Inc.",NASDAQ,Healthcare,Biotechnology,17.56,1961,4165309
NTSK,"Netskope, Inc. Class A Common Stock",NASDAQ,Technology,Software - Services,11.71,4794,3921884
NTST,NETSTREIT Corp.,NYSE,Real Estate,REIT - Retail,21.66,1762,1396816
NUVL,"Nuvalent, Inc.",NASDAQ,Healthcare,Biotechnology,123.73,9102,1297596
NVCR,Novocure Ltd,NASDAQ,Healthcare,Medical - Devices,17.2,1992,1953473
NVCT,"Nuvectis Pharma, Inc.",NASDAQ,Healthcare,Biotechnology,19.57,519,654553
NVGS,Navigator Holdings Ltd.,NYSE,Industrials,Marine Shipping,19.12,1180,663781
NVST,Envista Holdings Corp,NYSE,Healthcare,Medical - Equipment & Services,27.63,4496,1303981
NVTS,Navitas Semiconductor Corp,NASDAQ,Technology,Semiconductors,14.46,3522,29485679
NWBI,"Northwest Bancshares, Inc.",NASDAQ,Financial Services,Banks - Regional,15.11,2211,1398915
OBDC,Blue Owl Capital Corporation,NYSE,Financial Services,Financial - Credit Services,10.82,5360,2348270
OCFC,OceanFirst Financial Corp.,NASDAQ,Financial Services,Banks - Regional,19.05,1097,1053141
OCSL,Oaktree Specialty Lending Corporation,NASDAQ,Financial Services,Financial - Credit Services,12.2,1075,531720
OCTV,Octave Intelligence plc,NASDAQ,Technology,Software - Application,17.4,4671,661250
ODD,Oddity Tech Ltd.,NASDAQ,Technology,Software - Infrastructure,17.9,1020,1437806
OGN,Organon & Co.,NYSE,Healthcare,Drug Manufacturers - General,13.55,3558,1289531
OII,"Oceaneering International, Inc.",NYSE,Energy,Oil & Gas Equipment & Services,38.5,3840,524794
OKLO,Oklo Inc.,NYSE,Industrials,Industrial - Machinery,52.36,9110,9620170
OLED,Universal Display Corporation,NASDAQ,Technology,"Hardware, Equipment & Parts",78.7,3679,851658
OLLI,"Ollie's Bargain Outlet Holdings, Inc.",NASDAQ,Consumer Defensive,Discount Stores,74.21,4486,1888332
OLMA,"Olema Pharmaceuticals, Inc.",NASDAQ,Healthcare,Biotechnology,12.64,1104,1376001
OLN,Olin Corporation,NYSE,Basic Materials,Chemicals - Specialty,20.04,2284,2418161
OMDA,Omada Health,NASDAQ,Healthcare,Medical - Healthcare Information Services,22.39,1327,835373
OMF,"OneMain Holdings, Inc.",NYSE,Financial Services,Financial - Credit Services,59.5,6874,680725
OPCH,"Option Care Health, Inc.",NASDAQ,Healthcare,Medical - Care Facilities,21.9,3439,2025728
OPLN,"OPENLANE, Inc.",NYSE,Consumer Cyclical,Auto - Dealerships,40.6,4301,1289578
OPTX,"Syntec Optics Holdings, Inc.",NASDAQ,Technology,"Hardware, Equipment & Parts",10.875,438,785835
OR,OR Royalties Inc.,NYSE,Basic Materials,Gold,31.44,5895,2680352
ORA,"Ormat Technologies, Inc.",NYSE,Utilities,Renewable Utilities,112.56,6917,767217
ORIC,"ORIC Pharmaceuticals, Inc.",NASDAQ,Healthcare,Biotechnology,11.64,1205,2174162
ORKA,"Oruka Therapeutics, Inc.",NASDAQ,Healthcare,Biotechnology,85.21,3191,4524000
ORLA,Orla Mining Ltd.,AMEX,Basic Materials,Gold,10.18,3839,3948839
OSCR,"Oscar Health, Inc.",NYSE,Healthcare,Medical - Healthcare Plans,32.18,8343,7181808
OSS,"One Stop Systems, Inc.",NASDAQ,Technology,Computer Hardware,15.69,389,1138062
OSW,OneSpaWorld Holdings Ltd,NASDAQ,Consumer Cyclical,Leisure,28.68,2911,717725
OTEX,Open Text Corporation,NASDAQ,Technology,Software - Application,23.04,5591,1360378
OTF,Blue Owl Technology Finance Corp.,NYSE,Financial Services,Asset Management,10.46,4839,2000715
OUST,"Ouster, Inc.",NASDAQ,Technology,Semiconductors,49.84,3173,9136346
OUT,Outfront Media Inc.,NYSE,Real Estate,REIT - Specialty,32.86,5785,1345031
OZK,Bank OZK,NASDAQ,Financial Services,Banks - Regional,49.84,5441,2645891
PACS,"PACS Group, Inc.",NYSE,Financial Services,Financial - Conglomerates,44.48,7040,907285
PAGP,Plains GP Holdings LP,NASDAQ,Energy,Oil & Gas Midstream,24.43,4835,704992
PAR,PAR Technology Corporation,NYSE,Technology,Software - Application,19.05,786,1412017
PARR,"Par Pacific Holdings, Inc.",NYSE,Energy,Oil & Gas Refining & Marketing,58.49,2933,686273
PATH,UiPath Inc.,NYSE,Technology,Software - Infrastructure,11.71,6229,58368571
PATK,"Patrick Industries, Inc.",NASDAQ,Consumer Cyclical,"Furnishings, Fixtures & Appliances",85.03,2797,1955097
PAX,Patria Investments Ltd,NASDAQ,Financial Services,Asset Management,11.1,1771,722412
PAY,"Paymentus Holdings, Inc.",NYSE,Technology,Information Technology Services,27.06,3394,1101987
PAYP,PayPay Corporation,NASDAQ,Technology,Software - Infrastructure,14.71,9961,605260
PB,"Prosperity Bancshares, Inc.",NYSE,Financial Services,Banks - Regional,70.9,7211,1636982
PBF,PBF Energy Inc.,NYSE,Energy,Oil & Gas Refining & Marketing,47.81,5656,1774724
PBI,Pitney Bowes Inc.,NYSE,Industrials,Integrated Freight & Logistics,16.82,2278,2402915
PCOR,"Procore Technologies, Inc.",NYSE,Technology,Software - Application,43.97,6635,3753842
PCTY,Paylocity Holding Corporation,NASDAQ,Technology,Software - Application,115.1,6163,642016
PCVX,"Vaxcyte, Inc.",NASDAQ,Healthcare,Biotechnology,58.39,8431,1378654
PDFS,"PDF Solutions, Inc.",NASDAQ,Technology,Software - Application,59.18,2437,1375775
PECO,Phillips Edison & Co.,NASDAQ,Real Estate,REIT - Retail,42.06,5298,1123743
PEGA,Pegasystems Inc.,NASDAQ,Technology,Software - Application,31.045,5188,2079811
PENG,"Penguin Solutions, Inc.",NASDAQ,Technology,"Hardware, Equipment & Parts",61.47,3231,3971033
PENN,"PENN Entertainment, Inc.",NASDAQ,Consumer Cyclical,"Gambling, Resorts & Casinos",22.015,2944,2352443
PFS,"Provident Financial Services, Inc.",NYSE,Financial Services,Banks - Regional,23.54,3068,951606
PGNY,"Progyny, Inc.",NASDAQ,Healthcare,Medical - Healthcare Information Services,30.22,2367,942979
PGY,Pagaya Technologies Ltd.,NASDAQ,Technology,Software - Infrastructure,17.79,1474,5183695
PHAT,"Phathom Pharmaceuticals, Inc.",NASDAQ,Healthcare,Biotechnology,11.2,893,889300
PHR,"Phreesia, Inc.",NYSE,Healthcare,Medical - Healthcare Information Services,10.94,676,805827
PII,Polaris Inc.,NYSE,Consumer Cyclical,Auto - Recreational Vehicles,63.12,3591,833130
PIPR,Piper Sandler Companies,NYSE,Financial Services,Investment - Banking & Investment Services,71.09,4804,737326
PK,Park Hotels & Resorts Inc.,NYSE,Real Estate,REIT - Hotel & Motel,14.42,2904,3925498
PLAB,"Photronics, Inc.",NASDAQ,Technology,Semiconductors,28.86,1702,1572865
PLAY,"Dave & Buster's Entertainment, Inc.",NASDAQ,Technology,Media & Entertainment,11.04,384,1271348
PLBL,Polibeli Group Ltd,NASDAQ,Consumer Cyclical,Department Stores,10.26,3759,848246
PLNT,"Planet Fitness, Inc.",NYSE,Consumer Cyclical,Leisure,53.45,4246,1759932
PNFP,"Pinnacle Financial Partners, Inc.",NYSE,Financial Services,Banks - Regional,99.5,7648,870989
PNTG,"The Pennant Group, Inc.",NASDAQ,Healthcare,Medical - Care Facilities,38.52,1339,643050
POR,Portland General Electric Company,NYSE,Utilities,Regulated Electric,52.72,6101,691414
POST,"Post Holdings, Inc.",NYSE,Consumer Defensive,Packaged Foods,92.78,4205,1257370
POWI,"Power Integrations, Inc.",NASDAQ,Technology,Semiconductors,72.99,4067,1343251
PPC,Pilgrim's Pride Corporation,NASDAQ,Consumer Defensive,Packaged Foods,28.76,6843,1859344
PPLI,People Incorporated,NASDAQ,Communication Services,Internet Content & Information,46.75,3478,830000
PPTA,Perpetua Resources Corp.,NASDAQ,Basic Materials,Other Precious Metals,21.33,2626,893965
PRCH,"Porch Group, Inc.",NASDAQ,Technology,Software - Application,15.19,1662,3434750
PRCT,PROCEPT BioRobotics Corporation,NASDAQ,Healthcare,Medical - Devices,21.03,1197,1738290
PRDO,Perdoceo Education Corporation,NASDAQ,Consumer Defensive,Education & Training Services,34.43,2159,634782
PRG,"PROG Holdings, Inc.",NYSE,Financial Services,Financial - Credit Services,44.13,1708,561280
PRGO,Perrigo Company plc,NYSE,Healthcare,Drug Manufacturers - Specialty & Generic,11.02,1525,3336034
PRGS,Progress Software Corporation,NASDAQ,Technology,Software - Application,38.42,1576,1260511
PRIM,Primoris Services Corporation,NYSE,Industrials,Engineering & Construction,88.2,4785,1373712
PRM,"Perimeter Solutions, Inc.",NYSE,Basic Materials,Chemicals - Specialty,33.92,5533,1045645
PRMB,Primo Brands Corporation,NYSE,Consumer Defensive,Beverages - Non-Alcoholic,25.02,9079,2916330
PRVA,"Privia Health Group, Inc.",NASDAQ,Healthcare,Medical - Healthcare Information Services,27.36,3448,938269
PSN,Parsons Corporation,NYSE,Industrials,Industrial - Machinery,56.29,5844,830740
PSNL,"Personalis, Inc.",NASDAQ,Healthcare,Medical - Diagnostics & Research,13.62,1210,3788616
PTCT,"PTC Therapeutics, Inc.",NASDAQ,Healthcare,Biotechnology,83.31,6911,6778019
PTRN,Pattern Group Inc. Series A Common Stock,NASDAQ,Technology,Software - Application,26.43,4101,3021223
PUBM,"PubMatic, Inc.",NASDAQ,Technology,Software - Application,13.55,633,605119
PUMP,ProPetro Holding Corp.,NYSE,Energy,Oil & Gas Equipment & Services,12.09,1482,5313812
PVH,PVH Corp.,NYSE,Consumer Cyclical,Apparel - Manufacturers,75.23,3543,525487
PWP,Perella Weinberg Partners,NASDAQ,Financial Services,Financial - Capital Markets,16.47,1553,989008
PZZA,"Papa John's International, Inc.",NASDAQ,Consumer Cyclical,Restaurants,35.82,1179,679367
QBTS,D-Wave Quantum Inc.,NYSE,Technology,Computer Hardware,22.535,8275,19759216
QDEL,QuidelOrtho Corporation,NASDAQ,Healthcare,Medical - Instruments & Supplies,18.25,1244,1222460
QFIN,"Qfin Holdings, Inc.",NASDAQ,Financial Services,Financial - Credit Services,15.46,2013,1814120
QGEN,Qiagen N.V.,NYSE,Healthcare,Medical - Diagnostics & Research,40.1,8271,1315886
QNST,"QuinStreet, Inc.",NASDAQ,Communication Services,Advertising Agencies,15.82,909,653316
QNT,Quantinuum Inc. Class A Common Stock,NASDAQ,Technology,Computer Hardware,74.56,2338,3097784
QRVO,"Qorvo, Inc.",NASDAQ,Technology,Semiconductors,87.57,7725,1364750
QTWO,"Q2 Holdings, Inc.",NYSE,Technology,Software - Application,52.63,3295,712394
QURE,uniQure N.V.,NASDAQ,Healthcare,Biotechnology,41.81,2844,2811026
RAAQ,Real Asset Acquisition Corp.,NASDAQ,Financial Services,Shell Companies,13.42,309,2931521
RAL,Ralliant Corp,NYSE,Technology,"Hardware, Equipment & Parts",68.36,7652,1349057
RAMP,"LiveRamp Holdings, Inc.",NYSE,Technology,Software - Infrastructure,37.73,2267,671966
RARE,Ultragenyx Pharmaceutical Inc.,NASDAQ,Healthcare,Biotechnology,33.47,3296,977179
RCAT,"Red Cat Holdings, Inc.",NASDAQ,Technology,Computer Hardware,10.44,1126,13990422
RCUS,"Arcus Biosciences, Inc.",NYSE,Healthcare,Biotechnology,30.33,3053,1067729
RDN,Radian Group Inc.,NYSE,Financial Services,Insurance - Specialty,37.94,5045,960974
RDNT,"RadNet, Inc.",NASDAQ,Healthcare,Medical - Diagnostics & Research,68.75,5406,1717576
RDW,Redwire Corp,NYSE,Industrials,Aerospace & Defense,11.31,2701,19239721
REAL,"The RealReal, Inc.",NASDAQ,Consumer Cyclical,Luxury Goods,11.58,3393,3951815
RELY,"Remitly Global, Inc.",NASDAQ,Technology,Software - Infrastructure,23.75,5001,2989369
REPL,"Replimune Group, Inc.",NASDAQ,Healthcare,Biotechnology,11.58,942,2844729
REXR,"Rexford Industrial Realty, Inc.",NYSE,Real Estate,REIT - Industrial,34.21,7915,2154934
REYN,Reynolds Consumer Products Inc.,NASDAQ,Consumer Defensive,Household & Personal Products,27.18,5729,1424135
REZI,"Resideo Technologies, Inc.",NYSE,Technology,Communication Equipment,30.66,4643,736957
RGNX,REGENXBIO Inc.,NASDAQ,Healthcare,Biotechnology,13.28,687,3298799
RGTI,"Rigetti Computing, Inc.",NASDAQ,Technology,Computer Hardware,17.94,5963,25313968
RHI,Robert Half Inc.,NYSE,Industrials,Staffing & Employment Services,33.48,3425,1396506
RIGL,"Rigel Pharmaceuticals, Inc.",NASDAQ,Healthcare,Biotechnology,38.72,716,573915
RIOT,"Riot Platforms, Inc.",NASDAQ,Financial Services,Financial - Capital Markets,22.11,8361,18817539
RLAY,"Relay Therapeutics, Inc.",NASDAQ,Healthcare,Biotechnology,18.65,3264,3173112
RLI,RLI Corp.,NYSE,Financial Services,Insurance - Property & Casualty,62.52,5748,866719
RNG,"RingCentral, Inc.",NYSE,Technology,Software - Application,40.01,3517,821026
ROAD,"Construction Partners, Inc.",NASDAQ,Industrials,Engineering & Construction,107.92,6099,753420
RRC,Range Resources Corporation,NYSE,Energy,Oil & Gas Exploration & Production,37.81,8909,2259424
RRR,"Red Rock Resorts, Inc.",NASDAQ,Consumer Cyclical,"Gambling, Resorts & Casinos",65.6,3852,1015551
RSI,"Rush Street Interactive, Inc.",NYSE,Consumer Cyclical,"Gambling, Resorts & Casinos",31.68,7535,1935713
RUN,Sunrun Inc.,NASDAQ,Energy,Solar,12.74,3039,10765074
RXO,"RXO, Inc.",NYSE,Industrials,Trucking,26.61,4389,950916
RYAN,"Ryan Specialty Holdings, Inc.",NYSE,Financial Services,Insurance - Specialty,42.03,5439,2597156
RYN,Rayonier Inc.,NYSE,Real Estate,REIT - Specialty,21.49,3325,1416121
RYTM,"Rhythm Pharmaceuticals, Inc.",NASDAQ,Healthcare,Biotechnology,114.17,7831,955041
RYZ,Ryerson Holding Corporation,NYSE,Consumer Defensive,Beverages - Wineries & Distilleries,24.03,1004,596390
S,"SentinelOne, Inc.",NYSE,Technology,Software - Infrastructure,17.51,5896,5282881
SA,Seabridge Gold Inc.,NYSE,Basic Materials,Gold,27.62,2973,679015
SAIL,"SailPoint, Inc.",NASDAQ,Technology,Software - Infrastructure,15.27,8661,2913099
SBCF,Seacoast Banking Corporation of Florida,NASDAQ,Financial Services,Banks - Regional,33.28,3236,863456
SBGI,"Sinclair, Inc.",NASDAQ,Communication Services,Entertainment,15.42,1078,607505
SBH,"Sally Beauty Holdings, Inc.",NYSE,Consumer Cyclical,Specialty Retail,14.14,1357,759358
SBLK,Star Bulk Carriers Corp.,NASDAQ,Industrials,Marine Shipping,25.15,2805,1454233
SBRA,"Sabra Health Care REIT, Inc.",NASDAQ,Real Estate,REIT - Healthcare Facilities,20.16,5084,3161953
SDGR,"Schrödinger, Inc.",NASDAQ,Technology,Software - Application,16.88,1261,1511570
SDRL,Seadrill Limited,NYSE,Energy,Oil & Gas Drilling,39.87,2492,588731
SEDG,"SolarEdge Technologies, Inc.",NASDAQ,Energy,Solar,52.38,3186,2543729
SEI,"Solaris Energy Infrastructure, Inc.",NYSE,Energy,Oil & Gas Equipment & Services,67.19,4823,3719979
SEM,Select Medical Holdings Corporation,NYSE,Healthcare,Medical - Care Facilities,16.51,2046,14273973
SFD,"Smithfield Foods, Inc.",NASDAQ,Consumer Defensive,Packaged Foods,24.58,9672,1270974
SFL,SFL Corporation Ltd,NYSE,Industrials,Marine Shipping,10.59,1408,1136215
SFM,"Sprouts Farmers Market, Inc.",NASDAQ,Consumer Defensive,Grocery Stores,89.94,8458,2449064
SFNC,Simmons First National Corporation,NASDAQ,Financial Services,Banks - Regional,22.84,3313,1098911
SGHC,Super Group (SGHC) Limited,NYSE,Consumer Cyclical,"Gambling, Resorts & Casinos",14.51,7372,5420559
SGML,Sigma Lithium Corporation,NASDAQ,Basic Materials,Industrial Materials,12.29,1401,1442051
SGRY,"Surgery Partners, Inc.",NASDAQ,Healthcare,Medical - Care Facilities,17.23,2253,1476760
SHAK,Shake Shack Inc.,NYSE,Consumer Cyclical,Restaurants,56.47,2279,890688
SHAZ,"SharonAI Holdings, Inc. Class A Common Stock",NASDAQ,Technology,Information Technology Services,67.91,665,2602181
SHC,Sotera Health Company,NASDAQ,Healthcare,Medical - Diagnostics & Research,17.93,5113,3085192
SHEN,Shenandoah Telecommunications Company,NASDAQ,Communication Services,Telecommunications Services,13.55,750,519283
SHO,"Sunstone Hotel Investors, Inc.",NYSE,Real Estate,REIT - Hotel & Motel,11.38,2120,1301917
SHOE,"Shoe Carnival, Inc. Common Stock",NASDAQ,Consumer Cyclical,Apparel - Retail,15.09,410,560519
SHOO,"Steven Madden, Ltd.",NASDAQ,Consumer Cyclical,Apparel - Footwear & Accessories,39.92,2918,1130172
SIG,Signet Jewelers Limited,NYSE,Consumer Cyclical,Luxury Goods,84.12,3308,840906
SITE,"SiteOne Landscape Supply, Inc.",NYSE,Industrials,Industrial - Distribution,112.39,4869,612309
SKE,Skeena Resources Limited,NYSE,Basic Materials,Industrial Materials,28.7,3561,821839
SKT,Tanger Inc.,NYSE,Real Estate,REIT - Retail,39.5,4541,562565
SKWD,"Skyward Specialty Insurance Group, Inc.",NASDAQ,Financial Services,Insurance - Property & Casualty,61.42,2490,1082801
SKYT,"SkyWater Technology, Inc.",NASDAQ,Technology,Semiconductors,34.24,1685,794823
SLDB,Solid Biosciences Inc.,NASDAQ,Healthcare,Biotechnology,10.84,845,2632980
SLDE,"Slide Insurance Holdings, Inc. Common Stock",NASDAQ,Financial Services,Insurance - Property & Casualty,21.25,2434,3410595
SLG,SL Green Realty Corp.,NYSE,Real Estate,REIT - Office,53.42,3799,635322
SLGN,Silgan Holdings Inc.,NYSE,Consumer Cyclical,Packaging & Containers,46.39,4873,1089835
SLM,SLM Corporation,NASDAQ,Financial Services,Financial - Credit Services,25.6,4828,2188590
SLN,Silence Therapeutics plc,NASDAQ,Healthcare,Biotechnology,10.39,491,696727
SLS,"SELLAS Life Sciences Group, Inc.",NASDAQ,Healthcare,Biotechnology,14.98,2787,17275558
SM,SM Energy Company,NYSE,Energy,Oil & Gas Exploration & Production,26.85,6437,4165364
SMA,Smartstop Self Storage REIT Inc,NYSE,Real Estate,REIT - Specialty,33.67,1342,646584
SMPL,The Simply Good Foods Company,NASDAQ,Consumer Defensive,Packaged Foods,13.73,1242,2016625
SNDA,"Sonida Senior Living, Inc.",NYSE,Healthcare,Medical - Care Facilities,42.21,852,555664
SNDR,"Schneider National, Inc.",NYSE,Industrials,Trucking,35.8,6270,553006
SNDX,"Syndax Pharmaceuticals, Inc.",NASDAQ,Healthcare,Biotechnology,21.82,1933,2197366
SNEX,StoneX Group Inc.,NASDAQ,Financial Services,Financial - Capital Markets,120.55,9554,808848
SOBO,South Bow Corporation,NYSE,Energy,Oil & Gas Midstream,34.37,7169,759101
SON,Sonoco Products Company,NYSE,Consumer Cyclical,Packaging & Containers,57.42,5677,684225
SONO,"Sonos, Inc.",NASDAQ,Technology,Consumer Electronics,13.62,1623,1760250
SPIR,"Spire Global, Inc.",NYSE,Industrials,Specialty Business Services,18.44,600,975703
SR,Spire Inc.,NYSE,Utilities,Regulated Gas,79.68,4710,552420
SRAD,Sportradar Group AG,NASDAQ,Technology,Software - Application,15.01,4442,1479382
SRPT,"Sarepta Therapeutics, Inc.",NASDAQ,Healthcare,Biotechnology,19.28,2036,4358120
SRRK,Scholar Rock Holding Corporation,NASDAQ,Healthcare,Biotechnology,54.88,6576,1726056
SSB,SouthState Bank Corp.,NYSE,Financial Services,Banks - Regional,100.16,9782,749761
SSRM,SSR Mining Inc.,NASDAQ,Basic Materials,Gold,30.62,6353,4107888
ST,Sensata Technologies Holding plc,NYSE,Technology,"Hardware, Equipment & Parts",45.34,6594,1518588
STAA,STAAR Surgical Company,NASDAQ,Healthcare,Medical - Instruments & Supplies,27.79,1384,508768
STAG,"STAG Industrial, Inc.",NYSE,Real Estate,REIT - Industrial,39.16,7488,1100291
STEL,"Stellar Bancorp, Inc.",NYSE,Financial Services,Banks - Regional,39.245,2002,1888657
STEP,StepStone Group Inc.,NASDAQ,Financial Services,Asset Management,41.13,5184,4453318
STNE,StoneCo Ltd.,NASDAQ,Technology,Software - Application,11.17,2717,3381197
STNG,Scorpio Tankers Inc.,NYSE,Industrials,Marine Shipping,73.01,3634,761081
STOK,"Stoke Therapeutics, Inc.",NASDAQ,Healthcare,Biotechnology,32.7,2037,1013196
STUB,"StubHub Holdings, Inc.",NYSE,Technology,Software - Application,12.86,4510,3927029
STWD,"Starwood Property Trust, Inc.",NYSE,Real Estate,REIT - Mortgage,16.48,6110,3631190
SUPN,"Supernus Pharmaceuticals, Inc.",NASDAQ,Healthcare,Drug Manufacturers - Specialty & Generic,48.05,2789,969033
SVCO,"Silvaco Group, Inc. Common Stock",NASDAQ,Technology,Software - Application,11.1,363,846842
SVM,Silvercorp Metals Inc.,AMEX,Basic Materials,Silver,10.27,2272,3580842
SWBI,"Smith & Wesson Brands, Inc.",NASDAQ,Industrials,Aerospace & Defense,14.95,669,726938
SWKS,"Skyworks Solutions, Inc.",NASDAQ,Technology,Semiconductors,62.56,9409,5814243
SYNA,Synaptics Incorporated,NASDAQ,Technology,Semiconductors,119.52,4669,2098932
SYRE,"Spyre Therapeutics, Inc.",NASDAQ,Healthcare,Biotechnology,86.63,5233,973964
TAC,TransAlta Corporation,NYSE,Utilities,Independent Power Producers,13.47,4011,1332973
TALO,Talos Energy Inc.,NYSE,Energy,Oil & Gas Exploration & Production,13.59,2269,1510958
TAP,Molson Coors Beverage Company,NYSE,Consumer Defensive,Beverages - Alcoholic,39.78,7461,2245396
TARS,"Tarsus Pharmaceuticals, Inc.",NASDAQ,Healthcare,Biotechnology,65.44,2620,1785690
TBBB,BBB Foods Inc.,NYSE,Consumer Defensive,Discount Stores,42.07,4827,597776
TBPH,Theravance Biopharma Inc,NASDAQ,Healthcare,Biotechnology,16.93,877,1255513
TBRG,"TruBridge, Inc.",NASDAQ,Healthcare,Medical - Healthcare Information Services,26.24,394,570950
TCBI,"Texas Capital Bancshares, Inc.",NASDAQ,Financial Services,Banks - Regional,103.95,4540,529071
TDC,Teradata Corporation,NYSE,Technology,Software - Infrastructure,34.56,3252,1247872
TDS,"Telephone and Data Systems, Inc.",NYSE,Communication Services,Telecommunications Services,36.19,3847,1308800
TDW,Tidewater Inc.,NYSE,Energy,Oil & Gas Equipment & Services,68.12,3388,815510
TENB,"Tenable Holdings, Inc.",NASDAQ,Technology,Software - Infrastructure,38.6,4256,3144796
TEX,Terex Corporation,NYSE,Industrials,Agricultural - Machinery,68.16,4993,1049034
TFPM,Triple Flag Precious Metals Corp.,NYSE,Basic Materials,Other Precious Metals,31.49,6506,1241597
TFSL,TFS Financial Corporation,NASDAQ,Financial Services,Banks - Regional,17.84,5003,574063
TGTX,"TG Therapeutics, Inc.",NASDAQ,Healthcare,Biotechnology,53.31,8161,3076369
TH,Target Hospitality Corp.,NASDAQ,Industrials,Specialty Business Services,18.47,1965,1302175
TILE,"Interface, Inc.",NASDAQ,Basic Materials,Construction Materials,35.67,2071,502918
TMDX,"TransMedics Group, Inc.",NASDAQ,Healthcare,Medical - Devices,68.86,2380,832769
TMHC,Taylor Morrison Home Corporation,NYSE,Consumer Cyclical,Residential Construction,71.86,6611,2203064
TNDM,"Tandem Diabetes Care, Inc.",NASDAQ,Healthcare,Medical - Devices,15.32,1050,1627575
TNGX,"Tango Therapeutics, Inc.",NASDAQ,Healthcare,Biotechnology,29.46,3666,2307525
TOWN,TowneBank,NASDAQ,Financial Services,Banks - Regional,36.45,2785,509826
TRAX,First Tracks Biotherapeutics Inc,NASDAQ,Healthcare,Biotechnology,19.3,673,559253
TREX,"Trex Company, Inc.",NYSE,Industrials,Construction,48.47,5036,1013007
TRIN,Trinity Capital Inc.,NASDAQ,Financial Services,Asset Management,17.79,1326,961263
TRIP,"Tripadvisor, Inc.",NASDAQ,Communication Services,Internet Content & Information,14.29,1663,3078910
TRMD,TORM plc,NASDAQ,Energy,Oil & Gas Midstream,27.7,2836,764284
TRN,"Trinity Industries, Inc.",NYSE,Industrials,Railroads,34.12,2713,929465
TRNO,Terreno Realty Corporation,NYSE,Real Estate,REIT - Industrial,67.33,7158,1110379
TRVI,"Trevi Therapeutics, Inc.",NASDAQ,Healthcare,Biotechnology,17.93,2546,2206588
TSSI,"TSS, Inc.",NASDAQ,Technology,Information Technology Services,11.21,315,799207
TTAN,"ServiceTitan, Inc.",NASDAQ,Technology,Software - Application,78.31,7470,1412050
TTD,"The Trade Desk, Inc.",NASDAQ,Communication Services,Advertising Agencies,19.1,8979,10958020
TTEK,"Tetra Tech, Inc.",NASDAQ,Industrials,Engineering & Construction,29.9,7761,2352583
TVTX,"Travere Therapeutics, Inc.",NASDAQ,Healthcare,Biotechnology,56.92,5293,1698997
TWO,Two Harbors Investment Corp.,NYSE,Real Estate,REIT - Mortgage,12.07,1268,13497670
TWST,Twist Bioscience Corporation,NASDAQ,Healthcare,Medical - Diagnostics & Research,99.24,6180,1524073
TXG,"10x Genomics, Inc.",NASDAQ,Healthcare,Medical - Healthcare Information Services,39.01,4953,2773275
TXNM,"TXNM Energy, Inc.",NYSE,Utilities,Regulated Electric,56.94,6304,6912901
TYRA,"Tyra Biosciences, Inc.",NASDAQ,Healthcare,Biotechnology,30.62,1821,646047
UBSI,"United Bankshares, Inc.",NASDAQ,Financial Services,Banks - Regional,46.38,6391,1086074
UCB,"United Community Banks, Inc.",NYSE,Financial Services,Banks - Regional,35.49,4250,1047655
UCTT,"Ultra Clean Holdings, Inc.",NASDAQ,Technology,Semiconductors,106.475,4773,2437037
UE,Urban Edge Properties,NYSE,Real Estate,REIT - Diversified,22.96,2886,1141191
UEC,Uranium Energy Corp.,AMEX,Energy,Uranium,10.77,5330,6252581
UGI,UGI Corporation,NYSE,Utilities,Regulated Gas,35.15,7536,747071
UMAC,"Unusual Machines, Inc.",AMEX,Technology,Consumer Electronics,22.08,744,6155403
UNIT,Uniti Group Inc.,NASDAQ,Communication Services,Telecommunications Services,10.75,2658,4812815
UPBD,"Upbound Group, Inc.",NASDAQ,Technology,Software - Application,19.89,1159,965402
UPST,"Upstart Holdings, Inc.",NASDAQ,Financial Services,Financial - Credit Services,34.78,3329,3818171
URBN,"Urban Outfitters, Inc.",NASDAQ,Consumer Cyclical,Apparel - Retail,70.72,6056,956887
URGN,UroGen Pharma Ltd.,NASDAQ,Healthcare,Biotechnology,38.02,1852,821799
USAR,USA Rare Earth Inc,NASDAQ,Basic Materials,Industrial Materials,19.15,1851,14198950
UTI,"Universal Technical Institute, Inc.",NYSE,Consumer Defensive,Education & Training Services,48.24,2656,1032480
UUUU,Energy Fuels Inc.,AMEX,Energy,Uranium,13.81,3451,7910828
VAL,Valaris Limited,NYSE,Energy,Oil & Gas Drilling,75.35,5218,790493
VC,Visteon Corporation,NASDAQ,Consumer Cyclical,Auto - Parts,102.45,2735,860108
VCEL,Vericel Corporation,NASDAQ,Healthcare,Biotechnology,46.98,2399,640729
VCYT,"Veracyte, Inc.",NASDAQ,Healthcare,Medical - Diagnostics & Research,57.08,4555,1150166
VECO,Veeco Instruments Inc.,NASDAQ,Technology,Semiconductors,57.49,3509,2673849
VELO,"Velo3D, Inc.",NASDAQ,Industrials,Industrial - Machinery,15.63,303,2998944
VERA,"Vera Therapeutics, Inc.",NASDAQ,Healthcare,Biotechnology,41.2,2957,5143973
VERX,"Vertex, Inc.",NASDAQ,Technology,Software - Application,12.85,2079,1448565
VFC,V.F. Corporation,NYSE,Consumer Cyclical,Apparel - Manufacturers,16.3,6395,6801809
VGNT,Versigent PLC,NYSE,Industrials,Electrical Equipment & Parts,40.2,2850,1455138
VIA,"Via Transportation, Inc.",NYSE,Technology,Software - Application,19.31,1496,819046
VIPS,Vipshop Holdings Limited,NYSE,Consumer Cyclical,Specialty Retail,13.26,6672,2267185
VIR,"Vir Biotechnology, Inc.",NASDAQ,Healthcare,Biotechnology,10.04,1693,1159890
VISN,"Vistance Networks, Inc.",NASDAQ,Technology,Communication Equipment,12.15,2741,10307105
VIST,"Vista Energy, S.A.B. de C.V.",NYSE,Energy,Oil & Gas Exploration & Production,60.36,6333,1179505
VITL,"Vital Farms, Inc.",NASDAQ,Consumer Defensive,Agricultural Farm Products,12.76,547,2052673
VKTX,"Viking Therapeutics, Inc.",NASDAQ,Healthcare,Biotechnology,37.44,4347,2487336
VLY,Valley National Bancorp,NASDAQ,Financial Services,Banks - Regional,14.59,8085,6379711
VNT,Vontier Corporation,NYSE,Technology,"Hardware, Equipment & Parts",28.62,4030,961543
VOYA,"Voya Financial, Inc.",NYSE,Financial Services,Investment - Banking & Investment Services,94.37,8556,940077
VOYG,"Voyager Technologies, Inc.",NYSE,Industrials,Aerospace & Defense,34.22,2028,1465498
VPG,"Vishay Precision Group, Inc.",NYSE,Technology,"Hardware, Equipment & Parts",121.39,1617,907248
VRDN,"Viridian Therapeutics, Inc.",NASDAQ,Healthcare,Biotechnology,19.4,1746,1950334
VRNS,"Varonis Systems, Inc.",NASDAQ,Technology,Software - Infrastructure,42.86,5034,1333544
VSH,"Vishay Intertechnology, Inc.",NYSE,Technology,Semiconductors,45.945,6337,9461045
VSNT,"Versant Media Group, Inc. Class A",NASDAQ,Communication Services,Advertising Agencies,37.95,5370,1903942
VSTS,Vestis Corporation,NYSE,Industrials,Rental & Leasing Services,14.28,1886,647598
VSXY,Victoria's Secret & Company,NYSE,Consumer Cyclical,Apparel - Footwear & Accessories,76.71,6098,1843904
VVV,Valvoline Inc.,NYSE,Energy,Oil & Gas Refining & Marketing,39.08,4984,1881233
WAL,Western Alliance Bancorporation,NYSE,Financial Services,Banks - Regional,81.54,8903,849117
WAY,Waystar Holding Corp.,NASDAQ,Technology,Information Technology Services,23.46,4500,6828281
WBI,WaterBridge Infrastructure LLC,NYSE,Energy,Oil & Gas Energy,31.29,1471,1073915
WERN,"Werner Enterprises, Inc.",NASDAQ,Industrials,Trucking,43.2,2590,639240
WFRD,Weatherford International plc,NASDAQ,Energy,Oil & Gas Equipment & Services,83.01,5971,1579937
WGO,"Winnebago Industries, Inc.",NYSE,Consumer Cyclical,Auto - Recreational Vehicles,31.16,881,711425
WGS,GeneDx Holdings Corp.,NASDAQ,Healthcare,Medical - Healthcare Information Services,67.51,2004,925869
WH,"Wyndham Hotels & Resorts, Inc.",NYSE,Consumer Cyclical,Travel Lodging,82.41,6169,2024079
WHD,"Cactus, Inc.",NYSE,Energy,Oil & Gas Equipment & Services,50.42,3500,642100
WHR,Whirlpool Corporation,NYSE,Consumer Cyclical,"Furnishings, Fixtures & Appliances",38.1,2470,2224652
WIX,Wix.com Ltd.,NASDAQ,Technology,Software - Infrastructure,49.35,2717,1352718
WK,Workiva Inc.,NYSE,Technology,Software - Application,51.93,2914,557843
WKC,World Kinect Corporation,NYSE,Energy,Oil & Gas Refining & Marketing,33.21,1706,546868
WLK,Westlake Corporation,NYSE,Basic Materials,Chemicals - Specialty,74.77,9580,1080979
WNC,Wabash National Corporation,NYSE,Industrials,Agricultural - Machinery,13.26,539,669758
WOLF,Wolfspeed Inc.,NYSE,Technology,Semiconductors,40.0,2079,4781410
WPP,WPP plc,NYSE,Communication Services,Advertising Agencies,16.53,3566,600623
WRBY,Warby Parker Inc.,NYSE,Healthcare,Medical - Instruments & Supplies,29.26,3591,1864104
WSBC,"WesBanco, Inc.",NASDAQ,Financial Services,Banks - Regional,39.64,3813,1152182
WSC,WillScot Holdings Corporation,NASDAQ,Industrials,Rental & Leasing Services,26.66,4825,2322211
WT,"WisdomTree, Inc.",NYSE,Financial Services,Asset Management,18.04,2759,2116863
WTTR,"Select Water Solutions, Inc.",NYSE,Energy,Oil & Gas Equipment & Services,17.99,1875,1241111
WWW,"Wolverine World Wide, Inc.",NYSE,Consumer Cyclical,Apparel - Footwear & Accessories,16.53,1355,734580
WYFI,"WhiteFiber, Inc. Ordinary Shares",NASDAQ,Technology,Information Technology Services,31.44,1214,3655066
WYNN,"Wynn Resorts, Limited",NASDAQ,Consumer Cyclical,"Gambling, Resorts & Casinos",95.91,9954,1889463
XE,"X-Energy, Inc. Class A Common Stock",NASDAQ,Industrials,Industrial - Machinery,17.27,379,5362794
XENE,Xenon Pharmaceuticals Inc.,NASDAQ,Healthcare,Biotechnology,60.96,4813,1462554
XHR,"Xenia Hotels & Resorts, Inc.",NYSE,Real Estate,REIT - Hotel & Motel,20.35,1877,587601
XIFR,"XPLR Infrastructure, LP",NYSE,Utilities,Independent Power Producers,12.35,1164,838152
XMTR,"Xometry, Inc.",NASDAQ,Industrials,Industrial - Machinery,91.815,4937,603926
XNCR,"Xencor, Inc.",NASDAQ,Healthcare,Biotechnology,15.0,1112,919419
XP,XP Inc.,NASDAQ,Financial Services,Financial - Capital Markets,16.16,8454,3539327
XPRO,Expro Group Holdings N.V.,NYSE,Energy,Oil & Gas Equipment & Services,14.38,1631,1111169
XRAY,DENTSPLY SIRONA Inc.,NASDAQ,Healthcare,Medical - Instruments & Supplies,11.65,2334,4797010
YELP,Yelp Inc.,NYSE,Communication Services,Internet Content & Information,26.52,1458,872617
YETI,"YETI Holdings, Inc.",NYSE,Consumer Cyclical,Leisure,49.69,3764,818822
YOU,"Clear Secure, Inc.",NYSE,Technology,Software - Application,53.79,5412,1518294
YSS,"York Space Systems, Inc.",NYSE,Industrials,Aerospace & Defense,24.9,3229,1231914
Z,"Zillow Group, Inc. Class C",NASDAQ,Communication Services,Internet Content & Information,33.43,8033,4114510
ZBIO,"Zenas BioPharma, Inc.",NASDAQ,Healthcare,Biotechnology,27.23,1216,1383637
ZD,"Ziff Davis, Inc.",NASDAQ,Communication Services,Advertising Agencies,52.43,1931,622863
ZETA,Zeta Global Holdings Corp.,NYSE,Technology,Software - Application,20.69,5175,5977170
ZG,"Zillow Group, Inc. Class A",NASDAQ,Communication Services,Internet Content & Information,33.42,8031,1417407
ZGN,Ermenegildo Zegna N.V.,NYSE,Consumer Cyclical,Apparel - Manufacturers,13.17,3534,1092291
ZIM,ZIM Integrated Shipping Services Ltd.,NYSE,Industrials,Marine Shipping,25.57,3082,685286
ZVRA,"Zevra Therapeutics, Inc.",NASDAQ,Healthcare,Biotechnology,13.98,826,1422317
ZWS,Zurn Elkay Water Solutions Corporation,NYSE,Industrials,Industrial - Pollution & Treatment Controls,49.16,8236,1135207
ZYME,Zymeworks Inc.,NASDAQ,Healthcare,Biotechnology,26.31,1936,563781
SPY,SPDR S&P 500 ETF Trust,NYSE,Broad Market Index,ETF - Large Cap Blend,749.09,620000,5693028
QQQ,Invesco QQQ Trust,NASDAQ,Broad Market Index,ETF - Large Cap Growth,722.49,340000,6247340
IWM,iShares Russell 2000 ETF,NYSE,Broad Market Index,ETF - Small Cap Blend,296.61,68000,2959649
DIA,SPDR Dow Jones Industrial Average ETF Trust,NYSE,Broad Market Index,ETF - Large Cap Blend,523.64,36000,446161
XLE,Energy Select Sector SPDR Fund,NYSE,Energy,ETF - Sector Fund,55.13,38000,3592882
XLF,Financial Select Sector SPDR Fund,NYSE,Financial Services,ETF - Sector Fund,55.23,55000,2416052
XLK,Technology Select Sector SPDR Fund,NYSE,Technology,ETF - Sector Fund,186.24,78000,1441417
XLV,Health Care Select Sector SPDR Fund,NYSE,Healthcare,ETF - Sector Fund,162.51,40000,990348
XLY,Consumer Discretionary Select Sector SPDR Fund,NYSE,Consumer Cyclical,ETF - Sector Fund,115.2,21000,945470
XLP,Consumer Staples Select Sector SPDR Fund,NYSE,Consumer Defensive,ETF - Sector Fund,83.29,16000,1764035
XLI,Industrial Select Sector SPDR Fund,NYSE,Industrials,ETF - Sector Fund,181.79,22000,607955
XLB,Materials Select Sector SPDR Fund,NYSE,Basic Materials,ETF - Sector Fund,50.18,6500,1399251
XLRE,Real Estate Select Sector SPDR Fund,NYSE,Real Estate,ETF - Sector Fund,44.3,6200,665414
XLU,Utilities Select Sector SPDR Fund,NYSE,Utilities,ETF - Sector Fund,45.29,17000,2612256
XLC,Communication Services Select Sector SPDR Fund,NYSE,Communication Services,ETF - Sector Fund,108.4,21000,750139
GLD,SPDR Gold Shares,NYSE,Commodities,ETF - Gold,377.91,76000,592784
EEM,iShares MSCI Emerging Markets ETF,NYSE,International,ETF - Emerging Markets,66.82,17000,3005992
EFA,iShares MSCI EAFE ETF,NYSE,International,ETF - Developed Markets,103.8,45000,625988
TLT,iShares 20+ Year Treasury Bond ETF,NASDAQ,Fixed Income,ETF - Long-Term Treasury,84.31,45000,1687172
HYG,iShares iBoxx High Yield Corporate Bond ETF,NYSE,Fixed Income,ETF - High Yield Corporate,79.75,13000,2026522
